movieId,groupId
1,5
2,3
3,5
4,3
5,3
6,7
7,5
8,3
9,3
10,5
11,3
12,0
13,1
14,7
15,3
16,1
17,0
18,3
19,1
20,1
21,0
22,4
23,3
24,3
25,0
26,2
27,3
28,0
29,7
30,0
31,4
32,7
34,0
36,0
38,2
39,5
40,1
41,0
42,6
43,3
44,1
45,1
46,1
47,5
48,5
49,7
50,0
52,7
53,6
54,3
55,5
57,6
58,0
60,0
61,5
62,3
63,8
64,3
65,3
66,3
68,3
69,3
70,7
71,2
72,0
73,8
74,7
75,3
76,0
77,0
78,6
79,3
80,6
81,4
82,3
83,6
85,2
86,3
87,4
88,3
89,6
92,1
93,3
94,7
95,3
96,1
97,9
99,1
100,5
101,4
102,3
103,1
104,3
105,5
106,1
107,8
108,0
110,5
111,0
112,0
113,8
116,7
117,1
118,2
119,4
121,6
122,4
123,3
125,0
126,2
128,8
129,3
132,6
135,3
137,8
140,5
141,0
144,0
145,0
146,3
147,9
148,1
149,0
150,5
151,8
152,6
153,3
154,5
155,7
156,3
157,9
158,3
159,6
160,6
161,5
162,0
163,1
164,4
165,5
166,0
168,3
169,3
170,5
171,7
172,4
173,1
174,3
175,4
176,0
177,0
178,1
179,8
180,8
181,1
183,8
184,8
185,3
186,3
187,4
188,3
189,1
190,0
191,6
193,0
194,0
195,6
196,3
198,4
199,6
201,1
202,5
203,0
204,3
205,8
206,0
207,3
208,5
209,9
210,4
211,1
212,4
213,8
214,6
215,0
216,3
217,3
218,3
219,1
220,1
222,3
223,0
224,1
225,5
227,3
228,3
229,4
230,4
231,5
232,0
233,8
234,7
235,7
236,3
237,6
238,0
239,0
240,4
241,7
242,0
243,1
246,0
247,8
248,0
249,4
250,6
251,8
252,5
253,9
254,1
255,3
256,3
257,3
258,3
259,7
260,7
261,0
262,0
263,5
265,0
266,3
267,3
269,1
270,5
271,0
272,0
273,4
274,6
275,4
276,0
277,5
278,9
279,0
280,0
281,0
282,7
283,3
284,0
285,1
287,5
288,8
289,5
290,0
291,6
292,3
293,0
294,8
295,1
296,0
298,1
299,7
300,7
301,0
302,5
303,1
304,3
305,8
306,0
307,0
308,0
310,1
311,1
312,1
313,0
314,0
315,3
316,5
317,3
318,0
319,6
320,0
321,5
322,9
324,5
325,3
326,7
327,0
328,0
329,5
330,1
331,6
332,6
333,3
334,4
335,2
336,1
337,0
338,4
339,5
340,3
341,2
342,0
343,0
344,0
345,0
346,0
347,8
348,0
349,3
350,3
351,5
352,3
353,1
354,0
355,6
356,5
357,0
358,0
359,1
360,3
361,4
362,5
363,2
364,5
365,1
366,3
367,5
368,4
369,6
370,3
371,5
372,0
373,5
374,3
376,5
377,3
378,9
379,3
380,5
381,7
382,5
383,4
384,3
385,2
386,2
387,8
388,8
389,5
390,0
391,2
393,5
405,3
406,5
407,6
408,3
409,1
410,0
412,0
413,8
414,6
415,4
416,3
417,1
418,0
419,4
420,3
421,1
422,2
423,1
424,0
425,6
426,9
427,1
428,0
429,2
430,9
431,4
432,3
433,4
434,3
435,3
436,0
437,4
438,6
440,3
441,4
442,3
444,4
445,3
446,9
448,4
449,8
450,4
451,5
452,0
453,4
454,5
455,3
456,0
457,5
458,4
459,3
460,3
461,9
464,4
466,5
467,7
468,3
469,3
470,1
471,2
472,6
473,9
474,5
475,7
476,9
477,4
478,1
479,0
480,3
481,1
482,1
484,0
485,3
486,0
487,6
488,1
489,8
490,6
491,5
492,6
493,7
494,3
495,0
496,1
497,4
499,6
500,3
501,0
502,3
504,6
505,3
506,6
507,5
508,4
509,4
510,1
511,3
512,5
513,9
514,4
515,8
516,6
517,3
518,6
519,7
520,5
521,6
522,8
523,3
524,4
526,0
527,0
528,9
529,7
531,0
532,0
533,6
534,9
535,8
536,2
537,4
538,0
539,3
540,4
541,0
542,3
543,4
544,9
546,9
547,3
548,9
549,5
550,3
551,4
552,5
553,4
555,0
556,8
558,6
562,0
563,5
564,9
567,8
568,3
569,4
573,5
574,6
575,0
577,6
579,5
580,2
581,0
583,5
585,5
586,5
587,3
588,5
589,7
590,5
592,0
593,5
594,8
595,5
596,8
597,3
599,2
600,6
602,0
605,6
606,6
608,0
609,7
610,4
611,4
612,0
613,0
615,3
616,1
617,6
618,2
619,0
626,7
627,0
628,5
631,4
632,5
633,1
634,5
635,2
636,1
637,3
638,1
639,8
640,6
645,6
647,9
648,3
649,0
650,3
653,3
656,8
661,0
662,3
663,8
665,8
667,5
668,7
670,7
671,4
673,4
674,8
678,1
679,7
680,7
685,3
688,9
691,5
692,9
694,5
695,5
697,6
698,0
700,4
703,2
704,3
706,0
707,3
708,5
709,4
710,1
711,3
714,5
715,4
718,2
719,7
720,8
722,5
724,3
725,0
726,5
728,4
731,9
733,3
735,8
736,3
737,3
741,1
742,4
743,0
745,8
747,0
748,4
750,0
757,0
759,2
760,5
761,1
762,3
764,4
765,3
766,2
773,5
775,1
778,0
779,3
780,3
781,0
782,3
783,5
784,5
785,4
786,3
788,3
790,1
791,3
795,8
798,3
799,4
800,0
801,1
802,3
803,0
804,3
805,3
806,1
808,3
809,3
810,3
813,9
818,8
823,5
824,0
828,5
829,4
830,3
832,3
833,9
835,6
836,3
837,1
838,3
839,5
840,7
841,8
842,3
848,3
849,5
851,1
852,5
858,0
861,1
866,4
867,6
869,5
870,6
875,3
876,7
879,3
880,0
881,4
882,9
885,4
886,6
888,3
889,5
891,0
892,6
893,0
896,7
897,6
898,0
899,5
900,0
901,2
902,8
903,0
904,0
905,7
906,0
907,7
908,0
909,2
910,0
911,2
912,0
913,0
914,8
915,5
916,3
917,3
918,8
919,0
920,8
921,2
922,5
923,8
924,0
926,0
927,6
928,1
929,1
930,6
931,8
932,3
933,0
934,3
935,3
936,8
937,2
938,8
940,1
941,1
942,5
943,7
944,0
945,9
946,2
947,2
948,6
949,0
950,0
951,2
952,1
953,5
954,5
955,0
956,1
959,1
961,5
963,8
965,5
968,0
969,1
970,1
971,2
973,0
976,1
979,1
981,2
982,1
984,0
986,4
987,5
988,6
990,3
991,1
993,1
994,0
996,0
998,6
999,8
1003,6
1004,0
1005,1
1006,0
1007,4
1008,8
1009,3
1010,2
1011,6
1012,0
1013,1
1014,0
1015,6
1016,8
1017,3
1018,0
1019,5
1020,1
1021,6
1022,5
1023,0
1024,0
1025,4
1027,3
1028,0
1029,5
1030,3
1031,1
1032,0
1033,0
1034,0
1035,5
1036,5
1037,4
1040,2
1041,5
1042,4
1043,5
1046,3
1047,3
1049,0
1050,1
1051,3
1053,0
1054,5
1055,2
1056,9
1057,7
1059,0
1060,0
1061,0
1064,0
1066,7
1068,1
1073,0
1077,0
1078,8
1079,0
1080,0
1081,3
1082,4
1083,1
1084,0
1085,1
1086,0
1088,3
1089,5
1090,0
1091,2
1092,5
1093,0
1094,8
1095,8
1096,5
1097,7
1099,0
1100,3
1101,6
1103,0
1104,0
1105,7
1107,9
1111,7
1112,5
1114,1
1116,3
1117,5
1119,0
1120,1
1121,2
1123,8
1124,9
1125,7
1126,1
1127,1
1128,6
1129,1
1130,3
1131,0
1132,0
1135,2
1136,8
1137,3
1140,2
1144,3
1147,1
1148,8
1150,0
1151,7
1156,5
1161,0
1162,5
1163,9
1167,8
1170,7
1171,1
1172,6
1173,7
1175,0
1176,5
1177,2
1178,0
1179,0
1180,5
1183,1
1184,5
1185,0
1186,0
1187,2
1188,0
1189,4
1190,6
1191,6
1192,3
1193,0
1194,3
1196,7
1197,5
1198,5
1199,0
1200,0
1201,0
1202,4
1203,4
1204,0
1206,0
1207,7
1208,0
1209,0
1210,7
1211,5
1212,5
1213,0
1214,0
1215,1
1216,9
1217,4
1218,0
1219,0
1220,4
1221,0
1222,5
1223,8
1224,7
1225,0
1226,6
1227,1
1228,0
1230,8
1231,0
1232,8
1233,0
1234,0
1235,5
1236,4
1237,5
1238,0
1240,7
1241,0
1242,5
1243,0
1244,0
1245,0
1246,0
1247,0
1248,0
1249,8
1250,0
1251,9
1252,0
1253,4
1254,0
1255,1
1256,8
1257,0
1258,0
1259,0
1260,0
1261,0
1262,8
1263,8
1264,0
1265,5
1266,5
1267,0
1268,4
1269,0
1270,5
1271,0
1272,4
1273,2
1274,1
1275,1
1276,0
1277,8
1278,0
1279,2
1280,0
1281,0
1282,8
1283,4
1284,0
1285,0
1286,1
1287,5
1288,0
1289,0
1290,3
1291,5
1292,1
1293,5
1295,1
1296,0
1297,0
1298,0
1299,0
1300,3
1301,3
1302,5
1303,4
1304,0
1305,6
1306,1
1307,0
1310,0
1312,5
1318,9
1320,4
1321,3
1322,9
1323,9
1324,2
1325,6
1326,3
1327,3
1328,9
1329,8
1330,1
1331,3
1332,6
1333,0
1334,4
1335,9
1336,1
1337,4
1339,4
1340,4
1341,8
1342,8
1343,7
1344,0
1345,0
1346,6
1347,2
1348,0
1349,0
1350,3
1351,6
1352,1
1353,8
1354,9
1355,1
1356,7
1357,4
1358,2
1359,3
1361,3
1363,3
1365,0
1366,6
1367,5
1370,3
1371,1
1372,1
1373,3
1374,5
1375,1
1376,3
1377,0
1378,3
1379,6
1380,6
1381,5
1382,2
1385,6
1387,5
1388,3
1389,6
1390,4
1391,4
1392,5
1393,5
1394,0
1395,0
1396,3
1397,1
1398,1
1399,2
1401,6
1405,3
1406,5
1407,4
1408,5
1409,6
1411,8
1412,0
1413,0
1414,9
1415,6
1416,5
1417,3
1419,6
1422,9
1423,1
1425,0
1426,1
1427,1
1428,7
1429,7
1430,4
1431,6
1432,6
1437,6
1438,4
1439,9
1440,6
1441,3
1442,3
1445,1
1446,6
1447,0
1449,4
1453,6
1454,3
1456,1
1457,3
1458,5
1459,4
1460,7
1461,8
1464,1
1465,6
1466,5
1468,0
1473,3
1474,3
1475,0
1476,0
1477,0
1479,6
1480,4
1483,0
1484,9
1485,3
1487,5
1488,4
1489,9
1490,9
1493,5
1495,5
1496,1
1497,5
1498,2
1499,6
1500,5
1502,2
1503,3
1507,1
1513,5
1514,0
1515,6
1516,8
1517,0
1518,0
1519,2
1526,9
1527,7
1529,6
1533,5
1537,0
1541,3
1542,9
1544,6
1545,0
1546,6
1547,2
1549,0
1550,6
1551,6
1552,6
1554,9
1556,3
1562,3
1564,6
1565,7
1566,4
1569,3
1571,3
1572,9
1573,1
1574,1
1580,3
1581,6
1582,3
1583,6
1584,3
1585,0
1586,3
1587,1
1588,4
1589,4
1590,4
1591,4
1592,3
1593,6
1594,0
1596,2
1597,6
1598,6
1599,6
1600,6
1601,9
1602,9
1603,2
1604,3
1605,5
1606,8
1608,3
1609,6
1610,5
1611,0
1612,6
1613,0
1614,4
1615,3
1616,3
1617,0
1619,4
1620,3
1621,3
1623,2
1624,2
1625,3
1626,5
1627,0
1629,6
1631,3
1633,0
1635,0
1639,1
1641,0
1642,5
1643,6
1644,3
1645,5
1646,1
1647,8
1648,0
1649,6
1650,6
1652,0
1653,0
1654,3
1655,0
1656,2
1658,2
1659,3
1660,8
1661,1
1662,2
1663,5
1665,4
1667,2
1670,0
1671,6
1672,4
1673,0
1674,5
1675,9
1676,0
1677,6
1678,8
1679,1
1680,1
1681,8
1682,7
1683,5
1684,3
1685,1
1686,6
1687,3
1688,8
1689,8
1690,4
1693,0
1694,1
1695,6
1696,3
1699,2
1701,6
1702,3
1703,3
1704,5
1707,1
1711,3
1713,9
1717,3
1718,2
1719,4
1721,3
1722,3
1726,2
1727,2
1729,1
1730,6
1731,9
1732,0
1733,7
1734,3
1735,6
1739,6
1746,9
1747,0
1748,0
1752,0
1753,3
1754,4
1755,3
1757,0
1759,0
1760,7
1762,8
1767,6
1769,3
1770,9
1771,4
1772,3
1777,1
1779,6
1783,0
1784,3
1785,4
1791,1
1792,4
1793,7
1794,1
1797,6
1798,3
1799,6
1801,5
1804,0
1805,4
1806,8
1807,9
1809,9
1810,1
1812,6
1816,9
1821,4
1824,8
1825,2
1826,1
1827,1
1829,6
1831,4
1833,5
1834,5
1835,5
1836,6
1837,9
1839,8
1840,0
1841,2
1844,6
1845,4
1848,6
1855,2
1856,1
1857,5
1858,6
1859,5
1860,6
1862,3
1863,1
1866,6
1867,6
1870,2
1873,0
1875,2
1876,3
1881,6
1882,1
1883,8
1884,1
1885,0
1887,9
1888,8
1889,6
1891,1
1892,6
1893,1
1894,0
1895,4
1897,2
1900,2
1902,1
1904,9
1906,4
1907,2
1909,5
1910,2
1911,3
1912,7
1913,6
1914,6
1916,2
1917,3
1918,2
1919,9
1920,2
1921,0
1922,0
1923,5
1924,9
1926,1
1927,7
1928,1
1929,4
1931,7
1932,1
1933,1
1934,0
1936,4
1937,9
1938,5
1939,6
1940,1
1941,0
1942,5
1944,5
1945,0
1946,6
1947,0
1948,5
1949,0
1950,0
1951,3
1952,0
1953,1
1954,0
1955,2
1956,2
1957,2
1958,5
1959,7
1960,0
1961,1
1962,3
1963,8
1964,7
1965,0
1966,7
1967,1
1968,0
1969,3
1970,1
1971,2
1972,3
1973,9
1974,3
1975,3
1976,3
1977,3
1978,9
1979,0
1980,3
1981,6
1982,0
1983,6
1984,8
1985,1
1986,0
1987,6
1990,0
1991,6
1992,2
1993,2
1994,4
1995,8
1996,3
1997,0
1998,4
1999,1
2000,3
2001,3
2002,5
2003,1
2004,8
2005,8
2006,3
2007,3
2008,0
2009,0
2010,0
2011,1
2012,1
2013,1
2014,6
2015,4
2016,1
2017,5
2018,4
2019,0
2020,0
2021,1
2022,6
2023,4
2024,6
2025,6
2026,8
2027,4
2028,7
2032,1
2033,0
2034,1
2035,6
2036,9
2037,1
2038,1
2040,9
2041,8
2042,7
2043,8
2044,2
2046,0
2048,0
2050,3
2051,2
2052,4
2053,4
2054,1
2055,8
2056,6
2057,9
2058,5
2059,3
2060,8
2064,5
2065,5
2066,2
2067,0
2068,8
2069,6
2070,9
2071,9
2072,4
2073,6
2074,9
2075,3
2076,0
2077,0
2078,0
2080,5
2081,5
2082,9
2083,8
2084,6
2085,3
2087,5
2088,6
2089,4
2090,9
2091,1
2092,6
2093,1
2094,1
2095,2
2096,5
2097,4
2098,9
2099,0
2100,8
2102,9
2103,3
2104,0
2105,5
2106,5
2107,7
2108,0
2109,4
2110,2
2111,9
2112,1
2114,0
2115,5
2116,3
2117,3
2118,4
2119,9
2120,2
2121,4
2122,2
2123,4
2124,3
2125,3
2126,4
2130,1
2131,5
2132,0
2133,3
2134,8
2135,4
2136,6
2137,2
2138,4
2139,0
2140,1
2141,4
2142,9
2143,8
2144,1
2145,1
2146,4
2147,0
2148,1
2149,8
2150,5
2151,3
2152,4
2153,3
2154,1
2155,6
2156,5
2159,0
2160,0
2161,4
2162,1
2163,8
2164,9
2165,9
2166,2
2167,7
2169,1
2170,6
2171,0
2172,2
2174,0
2175,0
2176,3
2177,6
2178,0
2179,1
2180,1
2181,6
2182,0
2183,1
2184,4
2185,6
2186,0
2187,6
2188,6
2190,1
2193,2
2194,0
2195,1
2196,0
2201,6
2202,4
2203,0
2204,0
2205,6
2206,4
2207,5
2208,4
2210,9
2211,1
2212,5
2226,0
2227,6
2231,0
2232,0
2236,8
2239,5
2240,5
2241,6
2243,0
2244,2
2245,1
2247,8
2248,5
2249,3
2252,2
2253,2
2255,8
2256,8
2257,3
2259,6
2260,3
2261,0
2262,5
2263,3
2264,8
2265,6
2266,3
2267,6
2268,5
2269,5
2271,0
2272,9
2273,3
2275,0
2278,5
2279,3
2280,6
2281,1
2282,3
2283,6
2286,8
2287,3
2288,1
2289,1
2290,6
2291,4
2292,1
2294,5
2295,0
2296,6
2297,0
2298,4
2300,8
2301,1
2302,4
2303,2
2304,0
2306,9
2307,8
2310,6
2311,0
2312,3
2313,1
2314,8
2315,6
2316,3
2318,0
2320,1
2321,7
2322,9
2323,6
2324,5
2325,4
2327,1
2328,1
2329,0
2330,3
2331,8
2332,6
2333,5
2334,6
2335,2
2336,3
2337,4
2338,3
2339,1
2340,1
2342,6
2344,8
2346,0
2347,2
2348,9
2349,4
2350,2
2351,4
2352,7
2353,3
2354,6
2355,4
2356,7
2357,7
2358,2
2359,7
2360,0
2361,0
2362,2
2363,3
2364,2
2365,6
2366,1
2367,4
2368,8
2369,4
2370,4
2371,4
2372,3
2373,6
2374,6
2375,4
2376,6
2377,3
2378,2
2379,3
2380,3
2381,6
2382,6
2383,6
2384,9
2385,9
2387,0
2388,5
2389,0
2390,0
2391,1
2392,0
2393,4
2394,1
2395,0
2396,5
2398,3
2399,6
2400,8
2401,5
2402,3
2403,1
2404,4
2405,6
2406,5
2407,0
2408,6
2409,8
2410,1
2411,2
2412,1
2413,0
2414,6
2415,1
2416,0
2417,0
2418,9
2419,5
2420,4
2421,1
2422,1
2423,3
2424,4
2425,0
2427,8
2428,1
2429,3
2430,3
2431,3
2432,5
2433,3
2435,0
2436,7
2439,9
2442,1
2443,6
2445,3
2446,9
2447,1
2448,4
2450,4
2451,1
2453,2
2454,5
2455,5
2456,6
2457,0
2458,9
2459,3
2460,9
2462,8
2463,3
2465,9
2467,6
2468,6
2469,1
2470,4
2471,6
2472,9
2473,1
2474,8
2475,8
2476,0
2477,6
2478,5
2481,5
2482,0
2483,6
2485,3
2488,9
2490,3
2491,3
2492,7
2493,0
2494,7
2495,2
2496,1
2497,3
2498,3
2500,9
2501,3
2502,0
2503,5
2504,3
2505,3
2506,3
2511,7
2512,0
2513,9
2514,1
2515,8
2516,1
2517,3
2518,0
2520,1
2521,0
2522,8
2523,0
2524,6
2525,2
2526,9
2527,0
2528,5
2529,0
2530,6
2531,3
2532,4
2533,6
2534,6
2535,2
2537,2
2538,9
2539,0
2540,9
2541,4
2542,5
2544,0
2546,3
2548,9
2549,3
2550,0
2551,8
2552,9
2553,0
2554,0
2555,6
2557,2
2558,6
2559,1
2560,2
2561,9
2563,6
2565,5
2566,0
2567,2
2568,3
2570,0
2571,5
2572,6
2573,0
2574,0
2575,5
2577,0
2579,6
2580,3
2581,6
2582,9
2583,0
2585,0
2586,9
2587,8
2589,0
2590,1
2593,1
2594,6
2596,0
2597,9
2598,3
2599,8
2600,5
2605,3
2606,4
2607,0
2609,0
2611,1
2612,1
2613,3
2614,2
2615,2
2616,3
2617,3
2618,4
2620,0
2622,4
2623,9
2624,3
2625,6
2628,3
2629,3
2630,1
2632,8
2633,1
2634,5
2639,0
2640,0
2641,0
2642,6
2643,6
2644,0
2648,7
2651,4
2652,1
2654,0
2655,3
2656,0
2657,0
2659,2
2660,5
2661,0
2662,4
2664,0
2665,2
2668,0
2669,8
2670,0
2671,3
2672,1
2674,2
2676,4
2677,0
2681,6
2682,5
2683,0
2686,5
2687,4
2688,3
2690,1
2691,0
2692,0
2693,8
2694,4
2695,7
2696,0
2697,1
2698,1
2699,1
2700,8
2701,4
2702,4
2706,3
2707,4
2708,6
2709,9
2710,1
2712,0
2713,3
2716,1
2717,1
2718,0
2719,6
2720,4
2722,3
2723,8
2724,3
2725,0
2726,6
2727,0
2728,8
2729,8
2730,9
2731,1
2732,0
2733,2
2734,4
2735,6
2736,1
2737,7
2738,0
2739,0
2740,3
2741,6
2742,0
2743,1
2744,1
2745,4
2746,4
2747,8
2748,9
2749,7
2750,4
2751,2
2752,3
2754,1
2757,1
2759,0
2761,5
2762,0
2763,3
2764,8
2765,6
2766,6
2769,0
2770,7
2771,3
2772,0
2774,0
2775,1
2779,4
2782,8
2784,8
2786,6
2787,6
2788,0
2789,2
2790,2
2791,5
2792,5
2793,1
2794,4
2795,0
2796,3
2797,5
2798,2
2799,1
2800,9
2801,1
2802,0
2803,4
2804,0
2805,3
2806,6
2807,1
2808,6
2810,0
2812,9
2813,0
2815,4
2816,6
2817,3
2818,9
2819,0
2820,0
2822,6
2824,1
2826,4
2827,2
2828,0
2829,8
2835,2
2836,9
2837,5
2839,0
2840,4
2841,3
2843,0
2844,6
2846,7
2847,4
2848,6
2851,6
2852,8
2856,9
2857,9
2858,0
2859,5
2860,4
2861,0
2862,1
2863,0
2865,0
2866,1
2867,3
2868,2
2870,4
2871,0
2872,5
2874,0
2875,0
2876,1
2877,8
2878,3
2879,4
2880,8
2881,6
2882,1
2883,9
2884,2
2885,0
2886,3
2887,8
2888,6
2889,9
2890,0
2891,1
2892,0
2893,2
2894,6
2896,4
2897,5
2898,1
2899,0
2900,6
2901,0
2902,2
2903,8
2905,4
2906,1
2907,6
2908,8
2912,0
2915,5
2916,5
2917,5
2918,5
2919,3
2921,6
2922,1
2924,1
2925,4
2926,8
2927,9
2928,5
2929,0
2930,1
2931,8
2932,4
2935,2
2936,2
2937,6
2940,1
2941,4
2942,0
2943,0
2944,7
2946,6
2947,1
2948,1
2949,5
2950,6
2951,1
2952,0
2953,2
2956,6
2959,0
2961,3
2962,1
2964,1
2965,0
2966,4
2967,0
2968,8
2969,6
2970,2
2971,0
2972,0
2973,7
2974,4
2975,4
2976,1
2977,6
2978,6
2979,2
2982,3
2983,7
2984,0
2985,1
2986,6
2987,1
2988,7
2989,6
2990,3
2991,5
2992,4
2993,6
2995,9
2996,3
2997,0
3000,1
3002,0
3003,6
3004,3
3005,6
3006,0
3007,2
3008,2
3010,5
3011,0
3013,4
3014,6
3015,0
3016,1
3017,6
3018,8
3019,4
3020,1
3021,3
3022,2
3024,1
3028,6
3029,0
3030,1
3031,6
3032,4
3033,8
3034,1
3035,6
3036,3
3037,0
3038,6
3039,0
3040,2
3041,2
3042,9
3043,1
3044,8
3045,4
3046,5
3048,1
3051,9
3052,8
3053,3
3054,3
3055,0
3056,1
3057,8
3060,6
3061,2
3062,0
3063,9
3064,9
3066,8
3067,0
3068,0
3070,1
3071,6
3072,0
3073,3
3074,5
3075,6
3076,6
3077,9
3078,0
3079,3
3081,0
3082,3
3083,0
3086,3
3087,8
3088,2
3089,0
3090,3
3091,4
3093,0
3094,6
3095,0
3096,5
3097,2
3098,1
3099,0
3100,3
3101,3
3102,6
3103,6
3104,4
3105,0
3106,9
3107,3
3108,8
3109,5
3111,8
3112,1
3113,3
3114,4
3115,7
3117,0
3120,9
3125,1
3127,1
3129,0
3130,8
3132,6
3134,9
3135,2
3138,6
3141,2
3142,3
3143,1
3145,9
3146,6
3147,0
3148,8
3150,6
3152,5
3153,3
3155,3
3156,9
3157,4
3158,6
3159,1
3160,0
3161,3
3162,8
3163,8
3165,8
3167,6
3168,8
3169,0
3171,8
3173,3
3174,0
3175,5
3176,0
3177,5
3178,2
3179,6
3181,0
3182,6
3183,0
3185,0
3186,1
3189,4
3190,8
3192,1
3194,0
3196,9
3197,6
3198,0
3200,6
3201,4
3203,0
3204,0
3206,6
3208,6
3210,8
3211,8
3213,4
3214,3
3217,5
3219,3
3221,2
3223,6
3224,7
3225,1
3230,5
3235,8
3238,9
3240,3
3241,3
3243,1
3244,0
3246,5
3247,3
3248,6
3249,1
3250,6
3251,6
3252,1
3253,4
3254,6
3255,4
3256,3
3257,6
3258,1
3259,4
3260,5
3261,5
3262,3
3263,5
3264,4
3265,6
3266,6
3267,0
3268,0
3269,1
3270,8
3271,0
3272,6
3273,5
3274,3
3275,5
3276,8
3280,1
3281,1
3283,5
3284,8
3285,5
3286,7
3287,7
3289,5
3294,9
3295,5
3296,8
3298,3
3299,0
3300,4
3301,4
3302,3
3303,0
3306,5
3307,8
3308,9
3310,5
3313,9
3315,6
3316,1
3317,8
3323,6
3324,1
3325,8
3326,5
3327,4
3328,6
3329,7
3330,7
3331,8
3334,1
3341,7
3342,0
3344,0
3345,8
3347,0
3350,4
3353,0
3354,3
3355,9
3357,9
3358,8
3359,5
3360,4
3361,4
3362,0
3363,5
3364,1
3365,0
3368,8
3370,8
3372,5
3374,0
3378,2
3379,1
3384,5
3385,1
3386,0
3387,4
3388,1
3389,6
3390,8
3391,6
3392,6
3393,8
3394,3
3395,1
3396,8
3397,8
3398,4
3400,1
3401,6
3402,7
3403,0
3404,3
3405,5
3406,8
3408,5
3409,3
3410,6
3412,4
3414,0
3415,8
3417,6
3418,8
3420,6
3421,4
3422,8
3423,9
3424,0
3425,6
3426,9
3428,2
3429,2
3430,7
3431,6
3432,2
3433,6
3434,6
3435,5
3436,3
3438,1
3439,8
3440,8
3441,0
3442,1
3444,2
3445,0
3446,9
3447,2
3448,4
3449,0
3450,4
3451,8
3452,4
3453,0
3454,1
3455,8
3459,0
3461,0
3462,0
3466,6
3467,1
3468,0
3469,7
3470,0
3471,7
3473,6
3474,6
3475,0
3476,0
3477,1
3478,2
3479,8
3480,9
3481,0
3483,5
3484,3
3489,2
3492,5
3494,1
3496,4
3497,9
3498,0
3499,4
3500,9
3501,1
3502,3
3503,0
3504,0
3505,9
3506,6
3507,0
3508,8
3510,3
3511,9
3512,0
3513,1
3514,0
3515,3
3516,4
3519,4
3521,9
3524,4
3525,2
3526,4
3527,3
3528,5
3529,0
3531,0
3534,3
3535,0
3536,5
3537,9
3538,7
3539,0
3543,0
3544,2
3545,0
3546,6
3548,0
3549,8
3550,1
3551,0
3552,5
3553,1
3554,4
3555,4
3556,0
3557,6
3559,5
3563,3
3564,4
3565,3
3566,8
3567,6
3568,0
3569,5
3571,9
3572,9
3573,8
3574,1
3576,0
3577,3
3578,5
3580,9
3581,6
3584,8
3586,0
3587,0
3590,3
3591,6
3592,1
3593,4
3594,6
3596,8
3597,9
3598,9
3599,9
3604,6
3606,9
3608,9
3609,1
3614,4
3615,3
3616,3
3617,3
3618,1
3619,5
3622,1
3623,6
3624,3
3625,2
3626,7
3627,0
3628,9
3629,0
3632,6
3633,4
3634,3
3635,6
3637,0
3638,3
3639,6
3640,5
3641,6
3643,9
3646,3
3648,0
3649,8
3652,4
3653,8
3654,4
3655,6
3658,5
3660,0
3661,1
3662,1
3663,1
3664,1
3667,1
3668,0
3669,1
3671,7
3672,3
3673,0
3674,0
3675,1
3676,4
3677,0
3678,1
3679,6
3680,8
3681,4
3682,3
3683,0
3684,8
3685,6
3686,4
3687,1
3688,8
3689,2
3690,1
3691,1
3692,1
3693,8
3694,5
3695,5
3696,1
3697,4
3698,6
3699,0
3700,1
3701,6
3702,5
3703,5
3704,4
3705,2
3706,8
3707,0
3708,4
3709,1
3710,9
3711,0
3712,2
3713,3
3714,1
3715,3
3716,8
3717,3
3719,3
3720,5
3723,0
3724,0
3725,6
3726,0
3727,3
3728,4
3729,5
3730,4
3731,8
3732,8
3733,2
3735,4
3736,5
3737,1
3738,0
3739,1
3740,0
3741,5
3742,8
3743,6
3744,4
3745,1
3746,8
3747,0
3751,0
3752,2
3753,3
3754,8
3755,3
3756,0
3758,3
3760,0
3761,6
3763,1
3764,8
3765,2
3766,6
3767,1
3768,9
3769,9
3770,4
3771,6
3773,2
3774,8
3783,4
3784,9
3785,6
3786,8
3787,3
3788,4
3789,1
3790,0
3791,1
3792,0
3793,5
3794,9
3795,0
3797,1
3798,6
3799,3
3801,1
3802,2
3806,8
3807,9
3808,5
3809,0
3810,1
3811,0
3812,8
3813,6
3814,2
3816,1
3819,9
3821,0
3822,6
3823,0
3824,1
3825,3
3826,6
3827,6
3830,1
3831,0
3832,5
3833,9
3834,5
3835,4
3836,4
3837,6
3838,8
3839,9
3840,1
3841,4
3843,8
3844,3
3845,5
3846,1
3847,2
3849,7
3851,1
3852,9
3855,7
3857,4
3858,9
3859,9
3861,2
3862,0
3863,3
3864,6
3865,6
3868,8
3869,8
3870,1
3871,9
3872,8
3873,6
3877,1
3879,6
3882,6
3884,1
3888,6
3889,6
3893,8
3894,1
3895,6
3896,1
3897,0
3898,6
3899,9
3900,2
3901,0
3906,6
3908,0
3909,0
3910,5
3911,0
3912,1
3914,1
3915,4
3916,3
3917,3
3918,7
3919,8
3920,5
3922,8
3925,9
3926,8
3927,5
3928,0
3929,9
3930,3
3932,8
3933,8
3937,8
3938,8
3939,0
3940,0
3941,0
3942,0
3943,0
3945,5
3946,4
3947,2
3948,5
3949,0
3950,0
3951,2
3952,8
3953,1
3955,1
3957,1
3958,0
3959,3
3962,1
3963,0
3964,6
3965,1
3966,2
3967,6
3968,7
3969,1
3971,8
3972,3
3973,4
3974,8
3977,6
3978,3
3979,1
3980,0
3981,6
3983,5
3984,6
3985,4
3986,3
3987,4
3988,3
3989,0
3990,3
3991,4
3992,6
3993,2
3994,4
3996,8
3997,5
3998,2
3999,0
4000,8
4002,3
4003,3
4005,3
4006,0
4007,4
4008,4
4009,8
4010,1
4011,5
4012,4
4014,4
4015,3
4016,5
4017,8
4018,3
4019,0
4020,1
4021,0
4022,5
4023,3
4024,0
4025,3
4027,4
4029,4
4030,0
4031,8
4032,6
4033,0
4034,5
4035,8
4036,2
4037,5
4039,8
4040,1
4041,5
4042,1
4043,8
4046,1
4047,4
4051,8
4052,4
4053,0
4054,5
4055,9
4056,0
4061,6
4062,0
4063,4
4064,8
4065,8
4066,0
4067,8
4068,4
4069,3
4074,1
4077,5
4078,7
4079,0
4080,8
4081,0
4082,6
4083,6
4084,3
4085,7
4086,3
4089,2
4090,7
4091,2
4092,2
4093,0
4102,9
4103,9
4104,1
4105,5
4109,6
4110,8
4111,2
4113,9
4115,2
4116,1
4117,6
4121,8
4123,2
4124,3
4125,8
4126,6
4127,8
4128,7
4129,1
4130,0
4131,9
4132,3
4133,8
4135,0
4138,2
4139,2
4141,9
4142,0
4143,4
4144,4
4146,0
4147,6
4148,4
4149,8
4152,6
4153,4
4154,4
4155,5
4156,8
4157,6
4158,0
4159,0
4160,0
4161,3
4164,8
4166,0
4167,6
4168,8
4171,1
4174,1
4175,0
4178,0
4180,1
4181,1
4184,1
4187,4
4189,1
4190,2
4191,2
4193,0
4195,7
4197,1
4198,8
4200,5
4202,9
4203,0
4204,1
4205,9
4207,0
4210,3
4211,8
4212,8
4214,8
4215,1
4217,7
4218,1
4219,7
4220,8
4221,2
4223,6
4224,3
4225,7
4226,5
4228,9
4229,1
4231,0
4232,3
4233,2
4234,4
4235,5
4236,0
4237,2
4238,3
4239,5
4240,1
4241,0
4242,2
4243,1
4246,5
4247,8
4248,0
4251,2
4252,2
4254,3
4255,9
4256,0
4259,0
4260,1
4262,4
4263,0
4265,0
4267,6
4268,5
4270,3
4273,6
4275,4
4276,3
4278,0
4280,0
4282,9
4284,7
4285,9
4289,0
4290,2
4291,0
4292,9
4293,3
4294,3
4296,6
4297,0
4298,0
4299,3
4300,6
4304,3
4305,2
4306,5
4307,6
4308,4
4310,3
4312,0
4313,6
4316,8
4317,9
4321,1
4322,1
4323,9
4325,1
4326,1
4327,8
4329,0
4333,8
4334,0
4337,3
4338,3
4339,2
4340,8
4342,0
4343,3
4344,0
4345,6
4347,1
4349,0
4350,6
4351,0
4353,2
4354,3
4355,8
4356,1
4357,5
4359,9
4361,1
4366,1
4367,3
4368,3
4369,3
4370,0
4371,1
4372,3
4373,3
4374,0
4378,0
4380,0
4381,9
4383,0
4384,1
4386,5
4387,7
4388,5
4389,0
4390,2
4392,4
4393,8
4394,1
4395,5
4396,2
4397,1
4399,9
4402,2
4403,8
4404,8
4406,0
4407,6
4408,8
4409,9
4410,2
4412,1
4419,4
4420,0
4422,6
4424,5
4426,2
4427,0
4428,6
4429,0
4432,0
4433,0
4434,0
4436,0
4437,9
4438,0
4439,5
4440,0
4441,7
4442,8
4443,9
4444,0
4445,0
4446,5
4447,3
4448,0
4449,6
4450,6
4451,2
4452,6
4453,9
4454,5
4458,2
4459,8
4462,2
4463,2
4464,0
4465,0
4466,8
4467,1
4470,6
4471,0
4473,8
4474,9
4475,2
4476,6
4477,8
4478,2
4480,6
4482,3
4483,1
4484,6
4487,6
4488,1
4489,0
4490,1
4492,4
4495,1
4496,0
4497,5
4498,3
4499,0
4500,6
4502,9
4504,1
4505,7
4506,8
4508,0
4509,6
4511,1
4516,3
4517,9
4518,6
4519,4
4520,6
4521,1
4522,8
4523,4
4524,2
4526,3
4527,2
4529,5
4531,3
4533,0
4534,6
4535,6
4537,6
4541,3
4544,8
4545,3
4546,1
4552,6
4553,1
4557,5
4558,9
4562,2
4563,1
4564,4
4565,8
4568,1
4571,0
4572,5
4573,2
4574,1
4577,0
4578,9
4580,1
4581,3
4583,2
4584,1
4585,6
4587,8
4589,0
4591,0
4593,1
4594,1
4595,2
4597,1
4599,6
4600,2
4602,1
4603,1
4605,7
4608,0
4610,2
4611,3
4612,5
4613,6
4614,8
4615,5
4616,3
4617,9
4619,1
4621,6
4622,5
4623,8
4624,8
4625,1
4626,3
4628,8
4629,1
4630,8
4632,4
4634,0
4635,1
4636,6
4638,3
4639,3
4640,0
4641,0
4642,4
4643,3
4644,6
4645,4
4646,6
4649,0
4653,5
4654,0
4658,9
4660,8
4661,4
4662,8
4663,3
4666,2
4670,1
4671,5
4672,2
4673,2
4675,2
4676,2
4677,6
4678,8
4679,8
4681,1
4683,9
4686,1
4687,8
4688,8
4689,5
4690,6
4695,0
4697,0
4699,2
4700,6
4701,4
4703,3
4704,1
4705,0
4708,6
4709,1
4710,2
4711,6
4713,3
4714,0
4715,0
4717,6
4718,3
4719,4
4720,0
4721,6
4722,0
4723,8
4725,8
4727,1
4728,3
4732,4
4733,8
4734,1
4735,4
4736,3
4738,6
4740,5
4741,6
4743,3
4744,0
4745,2
4748,6
4749,9
4750,1
4754,6
4756,9
4757,9
4759,0
4765,0
4766,0
4769,1
4770,3
4771,9
4772,2
4773,6
4774,8
4775,8
4776,0
4777,2
4780,0
4782,4
4783,6
4784,6
4785,2
4786,0
4787,4
4788,1
4789,1
4792,1
4794,9
4795,3
4796,6
4798,1
4799,1
4800,4
4801,0
4802,0
4803,0
4804,1
4808,8
4809,6
4810,0
4811,6
4812,2
4813,0
4814,3
4815,0
4816,5
4818,2
4821,7
4822,3
4823,3
4825,5
4826,6
4827,0
4828,5
4830,3
4831,2
4833,2
4835,9
4836,0
4840,5
4844,6
4845,6
4846,6
4847,6
4848,0
4849,8
4850,6
4852,3
4855,7
4857,5
4860,1
4862,8
4863,0
4864,3
4865,0
4866,2
4867,0
4871,1
4873,4
4874,0
4876,3
4877,3
4878,4
4879,6
4880,5
4881,0
4883,5
4885,1
4886,5
4887,3
4888,4
4889,1
4890,4
4893,1
4896,3
4898,8
4899,6
4900,4
4901,4
4902,9
4903,5
4909,4
4911,2
4912,5
4914,0
4915,6
4916,8
4917,7
4919,1
4920,6
4921,5
4925,2
4926,2
4927,6
4928,8
4929,2
4932,1
4936,4
4939,2
4941,6
4942,0
4945,7
4946,7
4947,3
4951,3
4952,8
4953,8
4954,5
4956,7
4957,6
4958,3
4959,6
4961,2
4962,2
4963,5
4964,7
4965,9
4966,8
4967,0
4969,1
4970,1
4971,6
4973,0
4974,2
4975,4
4976,6
4977,0
4978,6
4979,8
4980,8
4981,8
4985,2
4987,6
4988,8
4989,6
4990,0
4991,7
4992,3
4993,0
4994,5
4995,5
4998,1
5004,2
5007,1
5008,3
5009,9
5010,0
5011,7
5012,1
5013,4
5014,3
5015,4
5016,8
5021,8
5023,5
5025,9
5026,4
5027,7
5028,6
5033,0
5034,9
5039,5
5040,0
5041,9
5046,2
5047,1
5048,4
5049,8
5051,0
5053,1
5054,1
5055,6
5059,2
5060,8
5062,2
5063,2
5064,4
5065,6
5066,1
5068,2
5069,9
5071,2
5072,4
5073,0
5074,2
5075,9
5076,9
5077,1
5080,8
5081,8
5083,0
5088,3
5092,4
5093,0
5094,8
5095,6
5096,8
5099,1
5102,9
5103,5
5105,0
5106,9
5107,6
5108,3
5109,0
5110,8
5111,1
5112,2
5113,0
5114,1
5116,1
5120,7
5121,8
5127,0
5128,8
5131,9
5134,0
5135,0
5136,9
5137,9
5139,0
5146,0
5147,0
5151,5
5152,3
5155,6
5156,8
5159,6
5165,4
5168,1
5170,2
5171,3
5177,6
5178,2
5181,1
5187,5
5189,9
5197,2
5198,1
5202,0
5205,8
5209,2
5212,0
5213,1
5214,8
5218,5
5219,6
5220,3
5221,1
5222,0
5224,0
5225,8
5226,4
5231,1
5237,2
5238,6
5239,0
5240,2
5241,1
5244,2
5246,8
5247,1
5248,3
5250,8
5254,3
5255,2
5256,3
5258,1
5264,7
5265,4
5266,0
5267,4
5268,1
5269,5
5272,1
5275,5
5278,2
5279,3
5282,6
5283,6
5284,9
5285,2
5288,3
5291,0
5292,0
5293,4
5294,1
5296,3
5297,2
5298,9
5299,4
5300,7
5303,2
5304,7
5307,0
5308,1
5309,6
5311,1
5312,9
5313,6
5316,4
5319,9
5321,2
5322,2
5323,7
5324,6
5325,4
5328,2
5329,4
5333,2
5334,8
5337,1
5338,1
5339,5
5341,5
5345,2
5346,6
5347,0
5348,5
5349,3
5353,1
5356,8
5357,7
5358,1
5361,1
5363,6
5364,0
5365,2
5372,5
5373,1
5375,1
5377,0
5378,3
5379,1
5380,3
5382,2
5384,1
5385,0
5387,3
5388,0
5389,8
5390,2
5391,3
5397,2
5398,0
5400,3
5401,6
5404,0
5409,7
5410,9
5414,6
5415,5
5416,2
5417,0
5418,5
5419,6
5420,3
5421,2
5422,2
5423,1
5424,2
5425,0
5427,2
5428,9
5433,0
5434,5
5435,1
5437,4
5438,4
5440,1
5442,1
5443,6
5444,5
5445,5
5446,1
5447,7
5448,2
5449,0
5450,9
5451,4
5452,1
5454,0
5455,1
5456,0
5458,0
5459,3
5460,8
5461,2
5462,9
5463,3
5464,8
5465,8
5466,5
5468,0
5470,6
5471,8
5472,0
5475,6
5476,7
5477,0
5478,4
5479,6
5480,1
5481,4
5483,2
5485,9
5486,0
5489,8
5490,8
5493,0
5497,1
5498,6
5499,0
5500,8
5501,3
5502,4
5503,5
5504,6
5505,4
5506,8
5507,3
5508,8
5512,6
5513,2
5515,8
5521,9
5522,1
5523,3
5524,3
5525,1
5527,7
5528,4
5529,4
5530,1
5531,2
5532,6
5537,2
5538,8
5539,8
5540,3
5541,1
5543,2
5544,0
5548,4
5550,5
5553,6
5556,8
5560,0
5562,2
5563,8
5564,6
5568,8
5569,6
5570,6
5572,9
5573,9
5574,3
5575,2
5577,8
5580,9
5581,1
5582,6
5584,0
5585,8
5588,4
5589,0
5590,1
5591,1
5596,1
5597,1
5601,1
5602,1
5603,5
5604,1
5607,1
5608,6
5609,3
5610,8
5611,8
5612,6
5613,0
5614,5
5615,6
5617,0
5618,0
5619,5
5620,5
5621,4
5625,0
5628,6
5629,1
5630,5
5632,8
5633,2
5635,2
5636,2
5637,3
5638,8
5640,4
5643,6
5644,6
5646,3
5649,1
5650,9
5651,2
5657,0
5663,2
5664,1
5665,2
5666,5
5667,9
5668,6
5669,5
5670,0
5672,0
5673,4
5675,9
5678,2
5679,0
5680,2
5682,8
5684,6
5685,2
5688,9
5689,1
5690,6
5693,6
5694,6
5696,9
5699,1
5700,8
5704,9
5706,0
5707,5
5710,4
5712,0
5720,5
5723,1
5733,5
5735,2
5736,1
5741,5
5742,5
5745,1
5746,5
5747,8
5749,4
5752,8
5755,4
5764,5
5767,1
5768,1
5771,1
5772,6
5773,2
5779,8
5780,8
5782,1
5784,4
5785,3
5786,0
5787,9
5788,5
5791,4
5792,6
5796,8
5797,9
5799,1
5801,1
5802,1
5803,3
5804,3
5809,8
5810,0
5812,0
5816,3
5817,2
5818,6
5820,0
5826,1
5828,1
5829,2
5833,0
5836,1
5838,5
5839,6
5840,6
5841,9
5843,7
5847,5
5849,5
5853,6
5856,5
5863,1
5867,9
5872,3
5873,0
5874,3
5875,1
5876,0
5878,1
5879,4
5880,2
5881,8
5882,0
5883,1
5884,1
5888,1
5889,1
5890,5
5891,0
5893,9
5896,2
5899,7
5900,4
5901,9
5902,0
5903,3
5909,9
5912,1
5915,1
5919,1
5922,5
5925,3
5927,1
5929,5
5932,8
5938,6
5941,3
5942,6
5943,6
5944,4
5945,6
5947,1
5949,5
5951,4
5952,0
5953,5
5954,0
5955,4
5956,0
5957,3
5959,4
5961,1
5962,3
5963,0
5965,0
5968,2
5969,9
5970,6
5971,0
5974,8
5975,5
5979,0
5980,1
5984,2
5986,0
5988,9
5989,0
5990,5
5991,9
5992,4
5993,8
5994,2
5995,0
5999,8
6001,5
6002,4
6003,4
6005,7
6006,6
6009,5
6012,4
6013,3
6014,6
6016,0
6020,1
6021,0
6022,0
6023,1
6025,0
6027,6
6030,5
6031,6
6033,2
6035,9
6036,2
6039,2
6040,1
6041,0
6042,1
6044,3
6049,0
6051,0
6055,6
6057,0
6058,3
6059,4
6060,6
6062,0
6063,0
6064,0
6067,6
6070,5
6078,8
6086,7
6090,1
6093,0
6095,5
6100,4
6101,1
6104,0
6107,5
6111,5
6116,2
6119,6
6122,6
6123,8
6124,5
6125,6
6140,9
6141,2
6143,0
6145,5
6148,8
6153,1
6155,3
6156,4
6157,6
6158,7
6159,2
6162,2
6163,1
6166,1
6169,3
6170,0
6178,1
6181,1
6182,5
6183,3
6184,0
6185,9
6186,0
6187,1
6188,3
6192,6
6193,3
6195,2
6196,7
6197,6
6201,1
6202,5
6203,1
6204,1
6210,7
6212,1
6213,3
6214,6
6215,0
6216,2
6217,9
6218,0
6219,4
6220,0
6222,2
6223,6
6225,1
6228,1
6232,1
6234,6
6235,6
6237,5
6238,9
6239,9
6241,5
6242,5
6244,5
6245,1
6246,1
6249,6
6250,0
6251,9
6252,0
6254,5
6263,3
6264,6
6265,6
6266,3
6267,1
6268,2
6269,2
6270,5
6271,6
6273,1
6279,1
6280,2
6281,5
6283,8
6285,6
6286,1
6287,3
6288,6
6289,1
6290,6
6291,9
6294,6
6295,2
6296,8
6297,4
6298,4
6299,0
6300,3
6301,1
6302,8
6303,4
6305,0
6306,6
6308,4
6310,1
6313,5
6314,1
6315,1
6316,1
6319,2
6320,8
6322,6
6323,3
6324,8
6327,4
6329,5
6330,9
6331,8
6332,1
6333,3
6334,4
6335,4
6336,1
6337,9
6338,3
6339,0
6341,0
6342,1
6344,8
6345,7
6347,8
6348,2
6349,8
6350,0
6357,2
6358,6
6365,3
6367,2
6368,0
6370,6
6371,0
6373,5
6374,9
6375,1
6376,6
6377,3
6378,5
6379,7
6380,0
6382,1
6383,3
6385,1
6386,1
6387,6
6390,1
6395,4
6400,1
6402,6
6405,0
6407,1
6408,2
6410,0
6412,2
6415,5
6417,0
6422,1
6424,8
6425,6
6427,8
6428,2
6429,4
6433,2
6434,1
6436,9
6440,1
6442,0
6448,1
6449,5
6452,8
6453,6
6454,1
6460,7
6461,1
6464,2
6465,8
6466,9
6476,8
6477,1
6480,0
6482,6
6483,8
6484,0
6493,2
6502,5
6503,6
6506,1
6509,6
6510,2
6514,8
6515,1
6516,5
6517,9
6523,9
6527,1
6528,0
6530,6
6533,8
6534,4
6535,6
6536,4
6537,4
6538,0
6539,3
6541,3
6542,2
6545,1
6547,2
6548,6
6549,5
6550,0
6551,6
6552,1
6553,5
6554,9
6557,1
6558,8
6559,9
6560,2
6561,9
6563,2
6564,3
6565,0
6566,0
6567,4
6568,3
6571,6
6572,2
6573,5
6574,2
6577,7
6578,5
6579,3
6581,9
6582,9
6583,1
6584,0
6586,5
6587,1
6588,6
6591,6
6592,1
6593,0
6595,3
6596,7
6597,9
6598,2
6603,1
6604,6
6609,1
6611,0
6612,0
6614,9
6615,6
6616,3
6617,7
6618,4
6619,1
6620,4
6624,6
6625,1
6628,2
6629,6
6631,1
6636,5
6638,1
6639,9
6643,8
6644,5
6645,4
6650,2
6654,0
6656,0
6658,2
6659,9
6660,1
6662,2
6663,4
6664,7
6665,0
6666,8
6667,1
6669,0
6670,8
6671,5
6678,4
6679,6
6684,5
6686,4
6687,3
6688,6
6689,2
6691,1
6692,1
6695,7
6696,2
6699,2
6702,3
6705,1
6706,8
6707,4
6708,7
6709,0
6710,6
6711,7
6713,9
6715,4
6718,2
6720,9
6721,6
6722,1
6723,5
6724,6
6731,5
6732,6
6734,1
6744,6
6746,9
6748,8
6750,9
6751,0
6752,0
6753,1
6754,5
6755,8
6760,1
6763,0
6764,3
6765,5
6768,1
6769,0
6770,1
6772,1
6773,2
6774,0
6775,0
6776,0
6777,4
6780,8
6782,5
6783,8
6785,3
6786,0
6787,8
6788,1
6789,5
6790,6
6791,0
6793,1
6794,1
6796,5
6797,2
6798,1
6800,4
6803,5
6804,1
6807,0
6808,3
6809,2
6810,8
6811,2
6812,1
6814,8
6816,2
6817,2
6818,6
6820,6
6821,9
6827,1
6832,4
6835,5
6836,0
6837,1
6850,9
6851,9
6852,5
6853,8
6856,4
6857,6
6858,0
6860,1
6862,9
6863,2
6867,9
6868,8
6869,0
6870,0
6872,1
6873,1
6874,0
6879,4
6880,6
6881,8
6882,1
6883,2
6884,6
6885,6
6886,0
6887,0
6888,6
6889,0
6890,9
6893,3
6898,0
6899,0
6902,5
6909,9
6911,1
6912,1
6918,2
6920,9
6927,7
6932,0
6934,3
6935,0
6936,0
6938,0
6939,3
6942,4
6944,3
6945,0
6946,8
6947,0
6948,1
6949,0
6950,0
6951,3
6952,5
6953,1
6954,0
6957,8
6958,6
6959,6
6961,5
6962,1
6963,8
6965,1
6966,4
6967,0
6969,6
6970,6
6971,6
6973,5
6974,4
6975,9
6978,0
6979,6
6981,2
6982,1
6983,3
6984,1
6985,0
6986,0
6987,1
6989,5
6990,1
6992,6
6993,8
6994,5
6996,1
6997,2
6998,1
6999,9
7000,4
7001,0
7004,7
7005,1
7007,6
7008,6
7009,6
7010,4
7012,1
7013,1
7015,4
7016,3
7017,5
7018,6
7019,9
7022,7
7023,0
7024,6
7025,8
7026,4
7027,6
7028,2
7030,1
7031,0
7032,0
7033,4
7034,6
7036,6
7037,5
7038,6
7040,0
7041,1
7044,7
7045,8
7046,9
7047,1
7048,2
7049,1
7050,0
7051,6
7052,1
7053,1
7054,4
7055,1
7056,5
7057,1
7058,1
7059,2
7060,7
7061,1
7062,1
7063,9
7064,8
7065,4
7067,8
7069,0
7070,1
7071,5
7072,4
7073,1
7074,1
7075,1
7076,6
7078,3
7079,3
7080,5
7082,6
7083,1
7084,0
7085,6
7086,1
7087,4
7088,8
7089,5
7090,4
7091,2
7092,6
7093,6
7096,2
7099,0
7101,3
7102,9
7103,0
7104,0
7107,6
7108,1
7109,5
7114,0
7115,9
7116,8
7117,1
7118,8
7121,3
7122,3
7123,8
7124,4
7125,1
7127,3
7131,5
7132,2
7134,0
7137,4
7139,2
7141,1
7142,9
7143,7
7147,4
7149,0
7150,9
7151,8
7153,0
7154,3
7155,6
7156,5
7158,0
7160,1
7161,6
7162,9
7163,0
7164,8
7165,2
7167,1
7169,5
7171,6
7173,4
7175,2
7176,2
7177,1
7178,8
7179,8
7181,0
7184,7
7190,1
7191,1
7192,1
7193,9
7202,5
7205,8
7206,8
7208,6
7209,2
7211,1
7212,6
7215,0
7216,6
7217,1
7218,8
7219,1
7222,8
7223,1
7225,3
7228,6
7234,0
7235,4
7236,7
7238,5
7243,4
7245,8
7247,2
7248,2
7251,2
7254,4
7255,3
7256,3
7257,6
7258,4
7259,5
7260,0
7261,4
7262,0
7263,3
7264,6
7265,0
7266,0
7282,1
7285,4
7292,5
7293,3
7294,8
7297,6
7299,0
7301,6
7302,4
7303,0
7304,0
7305,0
7306,6
7307,4
7308,4
7310,7
7311,2
7312,3
7315,4
7316,5
7317,6
7318,6
7319,8
7320,5
7321,9
7323,4
7324,3
7325,6
7326,1
7327,8
7328,8
7333,4
7335,5
7336,8
7340,6
7344,5
7345,0
7346,9
7347,5
7348,0
7349,1
7352,7
7354,2
7357,1
7360,3
7361,0
7362,0
7364,2
7366,6
7367,4
7368,4
7369,0
7371,0
7372,8
7373,4
7375,3
7376,3
7377,9
7379,5
7380,2
7381,1
7382,6
7386,2
7387,7
7390,2
7394,8
7395,6
7396,4
7411,7
7414,1
7419,1
7438,0
7439,0
7440,8
7443,1
7444,1
7445,3
7448,2
7449,4
7450,1
7451,0
7454,4
7455,2
7457,2
7458,3
7459,5
7460,2
7477,9
7479,1
7481,6
7482,0
7486,7
7487,5
7492,4
7493,5
7541,5
7560,1
7561,4
7562,5
7564,8
7566,4
7569,5
7570,6
7572,1
7573,6
7579,0
7581,2
7584,6
7587,6
7614,7
7615,0
7616,8
7618,2
7619,8
7620,0
7624,2
7636,1
7646,2
7647,5
7649,6
7650,9
7657,1
7669,9
7698,6
7700,8
7701,2
7702,1
7704,1
7705,6
7706,1
7707,1
7708,1
7713,1
7714,1
7716,1
7720,6
7727,1
7728,0
7730,9
7742,0
7743,6
7745,8
7748,8
7749,8
7753,6
7756,3
7757,0
7762,1
7766,1
7767,2
7772,1
7773,9
7781,1
7782,5
7786,0
7789,6
7802,9
7810,5
7811,0
7812,0
7815,8
7820,8
7822,1
7826,1
7831,1
7832,1
7833,1
7834,8
7835,1
7839,1
7840,9
7841,6
7842,6
7843,5
7844,0
7845,8
7846,5
7879,5
7882,1
7883,9
7884,8
7888,3
7889,3
7891,9
7894,6
7895,8
7896,1
7899,5
7900,1
7916,5
7920,0
7924,6
7925,4
7926,9
7930,7
7932,4
7934,0
7936,8
7937,9
7938,8
7939,8
7940,8
7943,8
7944,1
7951,8
7976,2
7979,5
7980,8
7981,5
7982,9
7983,6
7984,5
7986,1
7987,8
7988,1
7991,6
7993,8
8008,5
8010,2
8011,1
8012,6
8014,5
8015,8
8016,8
8019,1
8024,5
8025,1
8033,0
8035,9
8042,0
8043,1
8044,0
8045,1
8057,1
8092,1
8093,7
8094,1
8117,5
8118,0
8119,9
8121,8
8125,1
8126,5
8128,5
8131,8
8132,3
8136,8
8137,8
8138,6
8142,0
8143,9
8147,4
8153,1
8154,2
8157,6
8158,3
8167,2
8169,9
8183,3
8188,8
8189,6
8190,5
8191,1
8195,0
8196,8
8197,1
8199,8
8207,9
8225,4
8228,0
8232,1
8235,9
8236,1
8238,6
8239,8
8241,4
8253,9
8254,0
8261,8
8264,6
8266,8
8268,7
8270,0
8275,1
8290,9
8293,1
8302,1
8327,0
8331,1
8335,6
8336,1
8337,6
8338,1
8340,0
8341,4
8360,6
8361,3
8362,3
8363,1
8364,9
8366,0
8368,3
8369,6
8370,0
8371,3
8372,4
8373,1
8375,1
8376,0
8378,2
8379,9
8380,1
8382,1
8383,3
8385,1
8387,1
8391,5
8402,1
8405,8
8410,1
8424,1
8425,1
8426,4
8427,1
8446,1
8447,8
8450,1
8451,8
8454,5
8456,5
8458,1
8459,1
8461,1
8462,1
8463,1
8464,4
8465,1
8477,6
8481,1
8482,9
8484,5
8487,6
8491,9
8492,4
8493,8
8494,1
8495,2
8500,1
8501,6
8502,1
8506,1
8507,8
8511,1
8512,8
8518,1
8521,9
8526,0
8528,4
8529,5
8530,8
8531,9
8532,0
8533,5
8534,1
8535,5
8542,2
8571,5
8574,8
8575,1
8577,7
8578,7
8580,3
8581,8
8582,4
8587,2
8588,6
8591,1
8593,0
8596,9
8600,2
8601,5
8604,4
8605,4
8607,4
8609,8
8610,0
8611,1
8614,6
8617,1
8620,8
8622,4
8623,4
8626,6
8632,6
8633,8
8636,1
8638,0
8640,4
8641,5
8643,5
8644,0
8645,4
8650,1
8656,6
8665,4
8666,6
8667,9
8670,8
8677,3
8684,1
8685,5
8690,7
8695,6
8711,1
8712,1
8713,5
8714,1
8718,6
8720,1
8724,5
8727,0
8730,3
8738,2
8743,6
8748,5
8753,1
8754,1
8755,1
8771,1
8772,6
8773,1
8774,1
8778,7
8781,4
8782,3
8783,4
8784,4
8795,7
8796,0
8798,0
8799,6
8800,1
8804,7
8807,4
8808,6
8809,9
8810,6
8813,6
8814,6
8815,0
8827,5
8830,7
8831,4
8832,6
8833,0
8835,6
8836,3
8838,5
8840,5
8844,1
8848,2
8860,4
8861,4
8864,2
8865,2
8866,3
8869,3
8870,0
8873,1
8874,0
8875,1
8879,8
8880,0
8894,9
8905,1
8906,1
8907,3
8908,9
8910,8
8911,7
8912,3
8914,0
8915,2
8916,8
8917,1
8918,0
8919,6
8920,1
8921,1
8928,8
8933,5
8934,1
8937,8
8938,1
8939,3
8943,8
8946,2
8947,6
8948,8
8949,8
8950,7
8951,8
8952,2
8954,2
8955,1
8957,0
8958,1
8959,4
8961,5
8964,5
8965,6
8966,6
8967,6
8968,6
8969,2
8970,0
8972,6
8973,0
8974,2
8977,1
8978,1
8979,1
8981,0
8982,9
8983,0
8984,4
8985,4
8987,1
8989,1
8998,3
9004,1
9005,1
9008,4
9010,6
9018,6
25746,4
25750,8
25752,1
25753,1
25757,1
25769,1
25771,4
25773,3
25782,6
25788,4
25795,1
25797,4
25805,5
25825,0
25826,1
25827,4
25833,5
25834,2
25841,5
25850,8
25856,2
25865,1
25870,1
25886,2
25887,6
25898,2
25905,9
25906,4
25923,9
25927,1
25937,1
25940,1
25946,5
25947,9
25952,1
25959,0
25962,1
25963,8
25996,1
25999,1
26002,8
26003,5
26038,5
26048,5
26052,9
26059,5
26073,5
26078,9
26082,4
26084,0
26095,0
26116,6
26122,2
26124,8
26131,9
26133,6
26142,1
26147,2
26150,1
26151,2
26152,2
26158,5
26159,1
26169,5
26171,8
26172,1
26176,1
26183,9
26184,2
26195,1
26198,8
26225,5
26231,8
26236,1
26237,1
26242,1
26249,7
26258,8
26265,6
26283,1
26285,1
26303,8
26308,6
26313,5
26317,5
26322,9
26326,2
26340,0
26344,1
26347,1
26350,7
26357,0
26359,0
26365,1
26366,3
26375,6
26386,8
26391,5
26394,5
26399,5
26401,5
26409,6
26413,1
26422,8
26429,6
26444,5
26453,1
26464,8
26467,1
26471,9
26472,1
26492,8
26498,5
26504,6
26510,9
26523,4
26524,5
26527,5
26528,3
26539,1
26542,4
26547,9
26554,7
26555,6
26562,1
26564,7
26567,1
26578,1
26585,0
26587,1
26590,1
26593,1
26599,5
26603,5
26606,3
26612,9
26614,6
26622,1
26629,8
26630,1
26631,6
26645,6
26649,6
26662,7
26676,1
26680,4
26681,7
26686,9
26693,7
26694,8
26695,2
26696,1
26700,8
26701,1
26704,0
26712,4
26713,5
26717,6
26726,1
26729,8
26732,2
26736,4
26741,1
26743,6
26745,1
26750,6
26761,6
26764,8
26765,8
26776,6
26777,5
26778,9
26782,1
26791,1
26792,1
26796,5
26797,1
26810,7
26812,6
26819,1
26828,1
26838,0
26840,2
26849,1
26854,1
26861,1
26865,8
26870,9
26871,9
26875,5
26887,9
26900,9
26901,2
26903,0
26913,1
26928,5
26940,1
26947,1
26958,8
26965,2
26974,9
26985,5
26999,0
27002,1
27003,5
27006,5
27008,1
27020,4
27022,3
27032,4
27036,3
27074,1
27075,3
27105,1
27124,1
27134,1
27140,0
27155,1
27156,8
27176,5
27178,5
27186,5
27193,4
27246,0
27251,8
27255,5
27266,7
27306,1
27311,7
27317,4
27320,0
27328,5
27329,3
27368,7
27369,5
27370,6
27373,7
27397,0
27408,8
27416,8
27420,1
27426,5
27434,6
27441,9
27450,2
27473,3
27478,9
27480,5
27482,0
27491,5
27513,9
27523,7
27537,5
27539,3
27549,1
27555,2
27563,6
27584,0
27592,0
27595,1
27604,1
27611,0
27618,1
27619,0
27627,5
27644,5
27660,0
27664,0
27667,0
27674,8
27683,0
27685,7
27689,5
27692,0
27695,8
27704,0
27705,3
27706,8
27708,6
27716,5
27721,0
27722,4
27728,8
27731,8
27741,6
27744,5
27746,5
27751,0
27762,1
27768,6
27769,1
27772,6
27773,0
27776,3
27778,5
27784,1
27788,8
27790,8
27793,6
27801,3
27802,0
27803,8
27808,8
27815,6
27816,0
27820,7
27821,6
27822,6
27826,6
27829,1
27830,8
27831,5
27834,5
27837,4
27838,9
27839,0
27846,0
27850,4
27865,2
27866,3
27869,7
27873,8
27878,2
27879,4
27882,6
27899,2
27904,0
27905,5
27912,0
30707,6
30745,0
30749,0
30793,5
30803,4
30810,8
30812,8
30816,4
30818,3
30820,6
30822,4
30825,5
30846,7
30848,4
30850,0
30883,3
30890,5
30894,8
30898,1
30994,5
31000,8
31030,1
31038,5
31049,3
31083,1
31086,5
31101,9
31114,6
31116,8
31123,6
31150,9
31162,2
31184,0
31193,4
31221,6
31223,0
31225,4
31260,1
31297,4
31309,5
31364,5
31367,1
31410,1
31420,1
31422,1
31424,1
31427,6
31431,7
31433,5
31435,5
31437,5
31445,6
31522,7
31545,5
31553,1
31590,8
31610,3
31617,6
31658,5
31660,1
31664,1
31685,3
31692,3
31694,2
31696,3
31698,0
31700,8
31702,3
31737,8
31804,0
31851,6
31867,0
31878,0
31903,1
31909,4
31921,1
31923,6
31925,6
31952,5
31973,5
32009,6
32011,4
32017,9
32019,6
32022,6
32029,3
32031,4
32058,1
32060,6
32116,2
32139,0
32179,8
32213,4
32234,5
32243,6
32289,5
32291,9
32294,8
32296,6
32298,3
32300,9
32302,9
32314,8
32387,0
32392,8
32440,1
32442,1
32456,3
32460,3
32469,0
32511,5
32515,1
32554,0
32582,0
32584,2
32587,0
32589,0
32596,3
32598,6
32600,5
32620,5
32632,3
32649,5
32657,0
32659,9
32666,0
32728,5
32743,0
32770,2
32799,0
32862,5
32875,9
32892,2
32898,6
32906,5
32914,2
32917,5
33004,8
33085,3
33090,4
33124,1
33126,1
33132,4
33138,2
33145,3
33148,0
33154,0
33158,3
33162,0
33164,2
33166,5
33171,9
33188,8
33201,3
33237,5
33294,1
33310,5
33312,2
33421,0
33435,1
33437,6
33493,3
33495,6
33499,3
33558,2
33564,3
33615,3
33629,1
33639,8
33644,0
33646,6
33649,0
33660,5
33669,1
33672,8
33677,4
33679,4
33681,3
33683,5
33725,3
33779,0
33781,9
33794,5
33801,1
33815,9
33826,2
33830,4
33834,1
33836,3
33838,2
33880,0
33893,6
33896,0
33903,5
33966,1
34018,8
34048,4
34072,1
34129,0
34143,9
34148,8
34150,6
34153,2
34162,3
34164,3
34271,1
34292,1
34312,6
34319,3
34321,0
34323,6
34326,9
34330,6
34332,4
34334,4
34336,6
34338,8
34359,1
34397,0
34405,3
34437,6
34450,5
34520,1
34523,8
34528,0
34530,6
34532,0
34534,6
34536,8
34540,2
34542,6
34800,1
34811,1
35015,1
35347,3
35807,6
35836,4
35957,6
36276,8
36289,7
36363,0
36397,6
36401,4
36477,8
36509,8
36517,4
36519,6
36525,4
36527,8
36529,5
36533,8
36535,8
36537,9
36708,6
36850,9
36931,5
37211,8
37240,0
37380,1
37382,6
37384,6
37386,6
37444,6
37475,4
37477,0
37495,6
37545,9
37720,0
37727,0
37729,1
37731,0
37733,1
37736,8
37739,2
37741,0
37830,6
37844,8
37853,3
37857,8
38038,8
38061,4
38095,4
38159,1
38164,0
38198,0
38294,0
38304,5
38388,5
38583,9
38798,0
38886,8
38992,4
39183,0
39231,8
39234,9
39292,0
39307,1
39381,6
39400,0
39414,4
39427,9
39435,4
39444,9
39446,8
39449,6
39516,5
39715,1
39801,9
39869,0
40148,6
40278,0
40339,4
40412,5
40414,4
40478,9
40491,6
40578,1
40581,4
40583,4
40597,9
40614,0
40617,0
40629,0
40697,9
40723,4
40732,4
40815,5
40819,1
40826,4
40851,7
40870,2
40946,8
40955,5
40959,8
40962,4
40966,8
41014,5
41285,1
41527,2
41566,3
41569,4
41571,1
41573,0
41617,9
41627,1
41712,5
41716,4
41724,3
41769,0
41828,6
41863,3
41997,0
42002,4
42004,8
42007,9
42009,4
42011,9
42013,6
42015,6
42018,8
42176,5
42191,3
42285,4
42418,8
42422,5
42556,0
42559,1
42602,2
42632,4
42638,1
42718,6
42723,3
42725,2
42728,2
42730,6
42732,8
42734,0
42738,3
42740,1
42761,6
42943,1
42946,9
43289,5
43333,1
43376,5
43396,3
43419,1
43460,8
43549,4
43556,8
43558,8
43560,6
43677,1
43679,0
43684,2
43708,9
43744,0
43836,5
43869,0
43871,4
43904,9
43908,1
43912,2
43914,8
43917,4
43919,7
43921,9
43928,4
43930,3
43932,3
43936,4
44004,3
44020,6
44022,5
44189,5
44191,4
44193,3
44195,0
44197,8
44199,0
44204,4
44225,3
44238,1
44241,1
44243,1
44301,5
44397,0
44399,4
44511,1
44555,0
44597,5
44613,5
44633,3
44657,8
44665,5
44694,6
44709,8
44719,9
44731,9
44759,6
44761,8
44773,6
44777,6
44788,6
44828,9
44840,5
44849,1
44851,6
44864,9
44889,5
44929,0
44931,5
44937,7
44943,8
44972,5
44974,3
45028,0
45062,9
45074,5
45081,0
45106,0
45175,5
45183,1
45186,5
45208,4
45210,0
45221,6
45361,8
45382,0
45431,3
45440,9
45442,0
45447,5
45499,3
45501,6
45503,6
45517,5
45635,2
45648,1
45658,2
45662,0
45666,4
45668,2
45672,1
45720,3
45722,3
45726,6
45728,1
45730,7
45732,6
45880,1
45928,1
45950,4
45969,1
46062,2
46105,6
46231,2
46322,8
46335,0
46337,3
46347,7
46367,1
46530,4
46559,2
46572,0
46574,1
46578,0
46664,9
46723,0
46772,8
46850,2
46855,0
46862,9
46865,5
46948,8
46965,6
46967,8
46970,4
46972,6
46974,0
46976,4
47044,6
47099,5
47122,3
47124,0
47200,7
47202,5
47254,0
47261,2
47382,5
47384,3
47404,8
47423,6
47446,5
47465,0
47491,7
47516,3
47518,6
47538,5
47566,3
47610,3
47629,0
47640,4
47644,4
47646,8
47721,1
47725,4
47736,6
47774,5
47793,1
47810,4
47894,4
47937,5
47950,8
47952,5
47970,6
47978,3
47997,7
47999,5
48001,5
48032,5
48043,0
48045,6
48082,1
48142,0
48150,5
48161,0
48214,5
48262,8
48304,1
48319,2
48322,6
48326,8
48342,0
48385,8
48394,0
48412,3
48414,8
48416,8
48516,5
48518,6
48520,3
48560,2
48593,0
48596,5
48598,8
48638,5
48649,6
48678,6
48696,3
48698,5
48738,0
48741,1
48744,5
48774,0
48780,0
48783,0
48872,1
48877,0
48879,8
48883,3
48982,1
48997,0
49013,4
49110,1
49130,3
49132,9
49220,9
49263,2
49265,2
49272,5
49274,4
49276,6
49278,3
49280,2
49284,0
49286,6
49314,1
49347,6
49389,6
49396,4
49524,1
49530,5
49647,9
49649,3
49651,8
49666,1
49688,8
49735,6
49772,0
49793,8
49822,0
49824,9
49910,0
49917,5
49932,5
49957,2
49961,9
50003,6
50005,6
50064,8
50068,1
50147,4
50158,0
50160,6
50189,6
50274,5
50354,5
50356,5
50440,4
50442,0
50445,0
50514,1
50601,4
50610,9
50613,6
50658,9
50685,1
50740,8
50792,1
50794,6
50796,2
50798,0
50800,1
50802,8
50804,6
50806,3
50842,5
50851,0
50872,5
50912,8
50923,8
50942,6
50954,9
50999,6
51024,6
51037,5
51077,1
51080,4
51082,0
51084,3
51086,8
51088,8
51091,9
51167,6
51174,5
51255,0
51314,5
51357,5
51412,6
51471,2
51498,7
51540,0
51545,1
51562,0
51573,6
51575,6
51662,3
51666,5
51694,2
51698,0
51705,3
51709,0
51834,0
51884,8
51903,9
51925,3
51927,0
51931,6
51933,0
51935,5
51937,3
51939,0
52042,2
52241,8
52245,3
52279,5
52281,9
52283,0
52287,1
52299,2
52319,0
52328,1
52375,1
52435,6
52458,4
52462,8
52579,6
52604,1
52644,0
52668,0
52694,8
52712,0
52715,6
52722,1
52724,2
52730,1
52767,4
52784,2
52831,5
52867,1
52885,4
52950,0
52952,0
52967,6
52973,5
52975,3
53000,7
53022,9
53024,0
53121,5
53123,4
53125,6
53127,8
53129,2
53138,3
53140,3
53143,1
53161,1
53280,6
53318,4
53322,5
53326,5
53355,6
53435,9
53447,2
53450,1
53453,8
53460,1
53464,0
53466,1
53468,5
53519,9
53550,1
53574,5
53578,6
53808,8
53883,5
53894,0
53921,1
53953,0
53956,0
53972,4
53974,8
53993,2
53996,3
54001,3
54004,4
54116,9
54121,3
54185,6
54190,3
54256,2
54259,1
54272,1
54274,1
54276,9
54281,2
54286,3
54354,5
54372,5
54503,0
54617,6
54648,3
54686,3
54732,3
54734,3
54736,0
54745,8
54768,8
54771,6
54780,1
54785,1
54787,5
54796,9
54881,6
54908,1
54910,5
54934,9
54962,2
54995,0
54997,3
54999,4
55020,8
55036,1
55052,0
55061,1
55067,5
55069,7
55071,1
55080,8
55094,2
55110,2
55112,3
55116,6
55118,6
55156,0
55167,7
55190,3
55205,1
55207,1
55232,3
55241,6
55245,3
55247,0
55250,6
55253,4
55259,5
55261,8
55267,1
55269,8
55272,2
55274,9
55276,8
55278,0
55280,1
55282,6
55290,9
55292,9
55294,8
55363,5
55391,1
55442,1
55444,5
55451,3
55492,5
55553,8
55555,5
55577,0
55620,3
55687,1
55721,3
55729,1
55765,7
55768,2
55805,5
55814,4
55820,0
55830,2
55844,0
55854,3
55872,8
55908,7
55946,3
55995,0
56003,6
56012,8
56022,1
56060,1
56145,1
56152,3
56156,7
56169,5
56171,4
56174,3
56176,0
56251,4
56274,0
56286,4
56333,5
56336,8
56339,0
56367,4
56379,8
56389,0
56563,1
56587,2
56607,8
56620,5
56715,0
56757,1
56775,3
56782,0
56788,9
56801,0
56805,8
56837,0
56869,3
56908,2
56915,0
56921,0
56941,2
56949,5
57147,7
57183,3
57243,1
57274,7
57326,0
57368,0
57421,5
57499,1
57502,6
57504,6
57522,3
57526,0
57528,7
57532,0
57536,9
57637,5
57640,0
57669,0
57772,2
57843,5
57910,4
57951,6
58025,4
58047,3
58078,3
58103,5
58105,1
58107,5
58154,1
58156,3
58162,1
58191,0
58287,1
58291,6
58293,3
58295,5
58297,7
58299,0
58301,6
58303,8
58306,1
58309,3
58315,6
58332,3
58347,3
58351,8
58376,7
58404,6
58425,6
58492,3
58554,9
58559,0
58627,0
58655,9
58783,5
58803,0
58806,9
58826,5
58839,0
58842,3
58870,0
58876,8
58879,2
58964,5
58972,7
58975,5
58998,8
59014,3
59016,1
59018,2
59022,1
59026,6
59037,6
59103,3
59118,6
59126,3
59129,6
59131,9
59141,5
59143,5
59220,3
59258,3
59295,7
59306,0
59315,3
59333,4
59336,1
59369,5
59387,0
59421,1
59429,5
59440,3
59501,5
59549,0
59604,5
59615,1
59667,0
59725,4
59727,0
59731,3
59738,5
59784,5
59810,3
59814,0
59900,9
59915,5
59947,1
59985,0
59995,8
60030,3
60037,6
60040,0
60046,2
60069,7
60072,3
60074,3
60126,0
60128,9
60141,2
60161,9
60289,6
60291,9
60293,4
60303,5
60333,2
60363,3
60365,1
60389,2
60397,6
60408,7
60471,5
60487,9
60514,8
60516,3
60522,9
60538,4
60647,2
60674,2
60684,5
60735,2
60737,6
60753,8
60756,4
60760,0
60766,4
60803,1
60818,0
60832,5
60857,5
60885,7
60894,5
60904,1
60937,0
60941,9
60943,2
60950,8
60979,0
61011,2
61024,3
61026,3
61071,3
61073,1
61123,8
61132,0
61160,0
61167,2
61210,2
61236,8
61240,0
61246,8
61248,0
61250,3
61255,6
61257,2
61262,5
61289,0
61319,5
61323,0
61348,0
61350,0
61352,2
61394,5
61401,2
61406,4
61465,5
61628,2
61692,5
61697,7
61705,3
61729,4
61818,5
61986,2
62008,6
62081,3
62113,6
62155,4
62208,5
62250,8
62293,2
62299,0
62336,0
62344,3
62374,0
62376,3
62383,8
62394,9
62434,3
62437,0
62439,3
62511,6
62553,3
62586,9
62644,8
62662,1
62718,3
62792,4
62799,2
62834,0
62836,0
62849,5
62956,4
62970,6
62999,5
63033,2
63062,3
63072,5
63082,0
63113,5
63131,5
63179,5
63222,6
63239,7
63276,7
63312,9
63393,8
63433,0
63436,0
63479,6
63515,1
63540,0
63768,5
63808,8
63826,5
63853,8
63859,3
63876,4
63992,3
64010,5
64030,6
64032,3
64034,6
64114,3
64116,1
64167,5
64197,5
64231,8
64249,6
64278,9
64285,8
64497,3
64499,3
64501,3
64575,2
64614,0
64620,0
64622,1
64695,7
64716,3
64839,5
64957,3
64969,3
64983,4
64993,2
64997,2
65037,5
65088,7
65126,3
65130,0
65133,3
65135,8
65188,9
65193,8
65216,1
65225,5
65230,6
65261,1
65350,0
65359,3
65514,5
65577,3
65585,3
65588,6
65596,5
65601,1
65631,5
65642,1
65651,0
65682,5
65685,6
65738,1
65740,1
65802,5
65810,0
65882,1
65982,9
66090,6
66097,1
66171,6
66198,9
66203,4
66240,3
66297,9
66310,5
66320,1
66335,9
66371,4
66427,4
66509,9
66511,3
66544,5
66665,8
66744,3
66783,0
66785,6
66798,6
66915,1
66934,0
66943,6
67087,0
67168,5
67186,3
67193,1
67197,4
67255,0
67267,6
67295,1
67361,8
67408,1
67508,5
67534,6
67618,3
67665,0
67695,9
67734,0
67788,8
67799,9
67888,6
67923,5
67997,3
68073,2
68135,0
68157,5
68159,6
68194,5
68205,9
68237,0
68269,7
68319,4
68347,6
68358,5
68444,5
68480,5
68486,3
68522,6
68536,2
68552,1
68554,3
68597,3
68600,9
68650,1
68659,6
68791,3
68793,6
68835,0
68848,3
68872,5
68886,6
68932,2
68945,2
68952,9
68954,5
68959,0
69069,6
69118,8
69122,1
69131,1
69134,5
69140,3
69211,6
69224,5
69227,1
69251,4
69275,5
69278,0
69304,6
69306,4
69394,3
69406,3
69436,3
69453,6
69469,6
69481,0
69495,0
69516,7
69524,9
69526,3
69529,3
69604,6
69606,6
69640,8
69644,1
69654,3
69685,1
69712,2
69720,6
69746,5
69757,6
69784,7
69805,4
69844,5
69849,6
69860,0
69904,3
69951,7
69953,5
69988,5
70015,6
70159,0
70183,5
70206,5
70208,5
70286,0
70293,9
70301,0
70305,7
70334,0
70336,5
70361,5
70451,3
70492,3
70521,9
70533,1
70545,8
70565,6
70599,3
70637,0
70641,2
70663,9
70687,8
70697,6
70703,1
70708,0
70728,7
70862,0
70932,3
70946,1
70984,7
70990,3
70994,0
71033,9
71057,0
71106,7
71108,5
71129,0
71131,3
71135,6
71147,5
71156,6
71160,3
71205,8
71211,0
71248,2
71252,7
71254,3
71264,0
71268,0
71282,6
71302,0
71304,0
71327,1
71341,5
71379,6
71429,8
71438,6
71453,5
71462,0
71464,9
71466,8
71468,5
71484,1
71494,5
71500,4
71518,6
71520,8
71530,0
71535,0
71550,1
71579,6
71619,3
71640,0
71668,0
71732,0
71745,0
71810,1
71823,3
71838,4
71867,5
71899,6
71902,6
71910,5
71970,4
71999,0
72011,0
72104,1
72129,0
72142,5
72165,3
72167,0
72171,8
72178,6
72224,0
72226,0
72294,6
72308,7
72330,3
72356,5
72378,4
72395,3
72405,9
72407,5
72424,5
72479,1
72489,3
72554,6
72591,3
72601,0
72603,5
72605,6
72624,6
72641,3
72692,6
72694,8
72696,5
72701,9
72714,5
72720,5
72731,4
72733,1
72737,5
72874,9
72919,3
72921,5
72982,3
72998,5
73015,3
73017,5
73023,2
73042,1
73106,8
73160,6
73211,0
73266,1
73268,0
73290,8
73319,2
73321,3
73323,0
73344,0
73386,8
73431,0
73488,3
73499,5
73501,9
73515,0
73569,9
73676,5
73681,6
73741,5
73804,7
73808,1
73822,6
73854,6
73858,3
73876,5
73881,4
73929,7
74075,7
74089,5
74095,1
74154,4
74226,5
74228,3
74275,6
74282,5
74324,5
74342,6
74370,5
74450,9
74452,8
74458,0
74508,8
74510,0
74530,2
74532,3
74545,0
74553,7
74580,5
74624,3
74647,7
74668,9
74677,8
74683,6
74685,8
74688,3
74696,1
74698,6
74727,4
74750,3
74754,8
74789,4
74791,6
74795,5
74851,9
74868,6
74916,9
74946,6
74948,5
75341,1
75389,5
75395,3
75416,1
75446,0
75803,8
75805,3
75813,5
75816,8
75947,1
75985,0
76030,1
76054,5
76060,2
76077,4
76091,5
76093,5
76143,6
76173,5
76175,4
76251,0
76293,5
76301,6
76738,5
76743,7
76751,3
76763,2
77177,3
77191,0
77201,1
77206,3
77233,5
77266,0
77364,6
77414,3
77421,8
77427,3
77455,0
77561,3
77667,0
77688,6
77709,1
77795,0
77798,0
77800,0
77841,3
77846,4
77866,0
77881,9
77893,5
77931,5
78034,8
78039,6
78041,9
78088,5
78103,1
78105,5
78116,8
78142,6
78160,8
78174,6
78209,6
78218,3
78264,3
78266,7
78316,9
78349,7
78467,3
78469,4
78499,5
78544,8
78574,0
78620,6
78626,5
78637,1
78703,2
78746,5
78772,3
78836,5
78893,6
78959,1
79006,5
79008,5
79057,6
79073,5
79091,5
79132,0
79134,0
79139,3
79185,4
79224,6
79242,8
79251,0
79259,8
79274,7
79293,3
79299,9
79333,1
79357,7
79428,0
79501,5
79536,9
79553,4
79572,3
79590,8
79592,3
79677,0
79684,6
79695,5
79702,8
79798,1
79868,5
79879,8
79895,1
79897,6
79946,8
80083,1
80094,5
80124,1
80126,8
80139,3
80162,5
80166,6
80219,7
80241,3
80363,5
80454,9
80463,5
80478,5
80489,0
80549,3
80551,9
80553,5
80572,3
80584,5
80586,0
80590,0
80615,0
80693,1
80727,4
80748,0
80831,7
80834,8
80839,3
80846,7
80858,3
80860,6
80862,0
80864,8
80880,9
80906,3
80917,5
80969,4
81018,9
81087,6
81132,7
81156,1
81158,5
81191,5
81229,5
81257,3
81383,6
81417,3
81456,8
81512,0
81520,5
81535,8
81537,0
81562,7
81564,1
81591,8
81681,6
81782,0
81784,6
81786,0
81788,4
81791,1
81819,7
81831,2
81834,5
81845,7
81847,5
81910,3
81932,9
81949,8
82041,7
82053,5
82088,8
82093,8
82095,8
82152,3
82167,2
82169,2
82202,3
82242,2
82366,5
82378,0
82459,2
82461,5
82499,8
82527,8
82534,1
82641,5
82667,6
82684,6
82744,0
82765,5
82767,2
82848,9
82852,6
82854,9
82857,0
83086,1
83132,0
83134,7
83177,2
83270,6
83349,4
83369,3
83374,8
83480,7
83601,3
83613,5
83796,1
83803,5
83827,0
83910,1
83969,6
83976,5
84152,3
84156,1
84187,2
84189,3
84240,3
84246,6
84273,5
84374,3
84392,7
84414,6
84512,6
84523,1
84553,9
84601,5
84615,9
84637,0
84696,8
84716,5
84772,6
84799,0
84844,1
84847,9
84942,0
84944,4
84950,8
84952,3
84954,4
85020,5
85022,6
85025,8
85056,3
85131,3
85179,0
85213,5
85259,3
85261,7
85295,6
85316,1
85334,0
85342,3
85354,3
85367,6
85394,0
85397,7
85399,8
85401,9
85412,7
85414,7
85438,1
85510,0
85736,7
85774,3
85780,4
85788,5
85796,1
85881,4
85885,9
86000,9
86014,3
86028,8
86059,9
86066,1
86068,3
86142,0
86190,0
86237,5
86279,5
86286,1
86290,0
86293,4
86295,0
86298,3
86320,2
86332,5
86345,2
86347,2
86355,1
86377,2
86487,4
86504,3
86548,1
86593,8
86628,7
86644,9
86668,0
86721,3
86781,2
86815,3
86817,0
86833,5
86835,3
86864,1
86880,3
86882,8
86892,5
86898,9
86911,3
86922,5
86960,0
87028,0
87192,0
87194,8
87197,1
87222,3
87232,3
87234,2
87287,0
87298,1
87304,1
87306,5
87413,8
87430,4
87444,0
87483,9
87485,4
87520,6
87522,6
87529,4
87660,5
87785,3
87834,6
87867,4
87869,6
87876,3
87960,1
88069,6
88094,5
88108,3
88125,3
88129,0
88140,5
88163,4
88179,5
88235,5
88267,6
88272,5
88327,5
88345,1
88356,8
88405,4
88448,6
88515,0
88593,1
88672,4
88697,1
88699,0
88744,8
88746,4
88785,0
88810,4
88812,0
88911,9
88932,5
88954,5
89028,5
89030,2
89039,2
89047,0
89072,5
89085,1
89087,2
89090,0
89118,0
89190,8
89208,6
89281,5
89305,1
89343,8
89386,0
89388,8
89427,8
89470,3
89492,5
89580,0
89582,7
89586,6
89678,8
89745,5
89753,0
89759,0
89761,2
89774,1
89804,8
89837,5
89840,0
89862,1
89864,0
89898,6
89904,9
89939,8
89945,5
90057,6
90243,1
90245,5
90249,6
90343,9
90345,0
90353,5
90357,5
90374,0
90376,8
90384,5
90403,5
90405,3
90428,1
90430,4
90439,3
90469,3
90471,9
90522,0
90524,3
90528,5
90531,2
90576,3
90600,5
90603,6
90630,5
90647,7
90717,4
90719,8
90738,8
90746,4
90769,5
90809,8
90863,6
90866,6
90888,6
90890,8
90943,0
90945,1
91077,0
91079,8
91094,1
91104,1
91126,8
91128,0
91233,5
91261,1
91266,8
91273,8
91323,6
91325,6
91337,8
91353,5
91355,6
91386,6
91414,6
91470,0
91483,2
91485,5
91488,6
91500,3
91529,3
91535,3
91542,3
91571,1
91622,2
91628,9
91630,0
91653,6
91658,0
91660,8
91666,6
91671,5
91688,8
91690,0
91784,5
91842,0
91860,5
91869,6
91873,8
91890,6
91935,8
91947,3
91974,5
91976,0
91978,5
91981,1
92008,9
92046,9
92048,0
92094,5
92192,3
92198,8
92234,6
92243,3
92259,5
92264,6
92309,9
92348,6
92391,0
92420,8
92422,5
92427,9
92439,0
92475,8
92494,6
92507,0
92509,6
92535,5
92637,5
92643,6
92665,8
92674,1
92681,6
92694,5
92730,9
92760,0
92938,6
92954,0
93006,1
93008,4
93022,6
93040,3
93114,9
93134,8
93139,5
93193,5
93208,1
93242,8
93270,8
93272,3
93287,9
93297,7
93320,0
93326,6
93363,4
93443,6
93502,1
93510,3
93512,0
93563,5
93598,5
93610,5
93721,6
93723,9
93740,6
93766,0
93790,1
93805,7
93819,5
93831,3
93838,5
93840,7
93855,3
93980,1
93982,8
93988,8
94011,8
94015,3
94018,0
94070,6
94122,1
94130,8
94150,5
94160,0
94262,0
94266,9
94323,9
94325,3
94405,0
94478,6
94494,8
94503,1
94661,6
94677,5
94735,5
94777,8
94780,5
94799,8
94810,6
94833,9
94864,0
94867,5
94896,0
94919,8
94931,3
94953,6
94959,8
94985,0
95004,0
95067,4
95088,5
95105,3
95135,2
95145,1
95147,6
95149,0
95163,1
95165,1
95167,3
95170,3
95175,1
95182,6
95193,8
95199,3
95201,8
95207,6
95218,3
95307,3
95309,5
95311,1
95313,1
95377,6
95441,3
95449,6
95473,0
95475,6
95497,6
95499,1
95508,8
95510,3
95519,1
95543,6
95558,1
95583,3
95624,3
95633,6
95654,5
95690,3
95717,1
95720,0
95738,3
95744,8
95761,3
95771,1
95780,1
95796,5
95839,1
95843,6
95858,0
95873,0
95875,6
95939,6
95949,2
95965,1
96004,1
96007,0
96020,0
96079,5
96084,5
96110,2
96114,8
96121,3
96150,6
96281,9
96283,6
96373,1
96411,0
96417,0
96430,5
96432,0
96448,6
96471,6
96488,6
96518,6
96520,6
96530,8
96563,3
96567,2
96588,4
96606,2
96608,6
96610,0
96616,6
96655,8
96691,5
96726,8
96728,5
96737,9
96811,3
96815,0
96821,8
96829,5
96832,5
96861,3
96917,3
96935,6
96945,6
96964,6
96975,3
97024,3
97168,8
97172,7
97188,5
97194,6
97225,4
97230,1
97285,5
97304,7
97306,7
97328,8
97470,1
97643,5
97665,6
97701,5
97742,8
97752,0
97757,5
97785,0
97836,6
97858,8
97860,0
97866,5
97870,8
97904,5
97913,0
97921,0
97923,1
97936,8
97938,0
97950,1
97988,5
98061,5
98083,4
98122,1
98124,7
98154,5
98160,8
98175,8
98203,1
98230,8
98239,3
98243,3
98279,4
98296,8
98361,3
98491,4
98499,1
98503,1
98585,7
98604,1
98607,3
98623,1
98633,5
98697,1
98799,1
98809,5
98836,8
98908,8
98961,5
99005,8
99007,5
99030,5
99087,6
99106,4
99112,5
99114,0
99117,0
99122,6
99130,6
99145,5
99149,0
99191,0
99415,8
99437,7
99532,1
99574,8
99636,2
99638,1
99721,5
99728,0
99750,0
99764,3
99813,6
99846,8
99853,6
99910,0
99917,6
99992,8
100044,5
100068,6
100083,8
100106,5
100159,5
100163,0
100194,0
100226,8
100277,5
100302,1
100304,8
100306,0
100326,8
100383,5
100390,3
100397,5
100487,8
100498,6
100507,3
100527,3
100553,7
100556,0
100579,5
100611,0
100714,2
100737,5
100810,3
100843,8
100882,7
100906,5
101025,8
101070,6
101072,9
101074,1
101076,5
101088,3
101112,8
101142,5
101283,4
101360,8
101362,3
101415,6
101423,1
101525,4
101529,8
101531,2
101577,9
101612,9
101739,0
101741,5
101765,7
101864,6
101884,8
101895,8
101962,3
101973,8
102007,4
102025,8
102033,8
102058,0
102066,5
102070,5
102084,0
102088,6
102123,3
102125,3
102165,8
102194,6
102217,6
102278,8
102338,5
102378,4
102407,4
102445,3
102481,4
102590,1
102602,1
102666,1
102684,0
102686,3
102716,0
102720,6
102735,1
102742,5
102747,6
102749,1
102760,5
102800,6
102802,5
102819,8
102823,5
102852,1
102880,2
102903,2
102984,6
102993,8
103027,1
103042,3
103048,9
103075,3
103085,5
103107,0
103137,7
103141,3
103171,9
103210,5
103219,5
103221,8
103228,0
103233,0
103235,0
103245,1
103249,6
103253,3
103335,5
103339,6
103341,0
103366,1
103372,1
103384,6
103449,0
103483,5
103502,8
103539,9
103543,4
103596,9
103602,6
103606,2
103609,1
103624,0
103655,3
103685,5
103688,3
103755,8
103772,4
103801,0
103810,2
103819,1
103865,8
103883,0
103980,9
103984,9
104017,1
104069,6
104074,6
104076,9
104078,8
104129,0
104141,0
104211,0
104218,0
104241,4
104243,5
104245,3
104272,9
104283,8
104303,0
104337,6
104339,8
104374,7
104419,6
104457,0
104644,0
104760,8
104780,1
104837,1
104841,1
104863,6
104875,4
104879,5
104906,6
104908,5
104913,3
104925,6
104944,6
105020,1
105037,9
105121,8
105197,2
105211,1
105213,4
105246,6
105250,8
105254,0
105325,6
105351,3
105355,8
105468,6
105504,3
105540,6
105585,0
105593,5
105653,3
105720,1
105731,0
105746,6
105755,8
105801,5
105835,0
105844,1
105954,4
106002,5
106062,1
106072,6
106100,9
106144,6
106330,1
106438,1
106441,3
106487,3
106489,3
106491,6
106540,4
106542,8
106594,6
106642,5
106648,5
106696,5
106766,4
106782,0
106785,3
106839,6
106873,4
106883,8
106889,6
106916,1
106918,4
106920,0
106927,6
107013,3
107069,2
107141,8
107159,1
107314,5
107338,9
107348,1
107406,1
107408,1
107410,1
107412,1
107436,5
107447,5
107449,3
107462,5
107565,9
107630,3
107702,0
107723,0
107771,5
107780,6
107846,5
107945,8
107951,6
107953,0
107962,8
107997,8
107999,1
108078,6
108090,1
108156,4
108188,2
108190,6
108192,1
108540,1
108601,8
108689,2
108715,8
108727,3
108729,0
108795,0
108928,8
108932,0
108945,2
108949,4
108981,1
109042,3
109161,0
109183,8
109187,0
109191,8
109241,6
109282,0
109295,8
109313,6
109317,8
109372,9
109374,0
109383,5
109416,8
109483,5
109487,0
109569,6
109576,6
109578,0
109596,6
109633,1
109673,6
109687,3
109723,3
109846,1
109848,6
109850,3
109853,6
109864,1
109895,2
109897,6
109941,6
109968,5
109971,6
110102,2
110127,0
110130,1
110281,5
110286,5
110297,0
110330,3
110350,0
110387,8
110501,0
110541,1
110553,6
110586,1
110591,5
110603,6
110611,8
110655,2
110669,0
110718,0
110730,6
110746,5
110771,6
110773,0
110781,8
110826,8
110882,0
111113,4
111146,6
111320,7
111360,0
111362,3
111364,4
111375,0
111384,6
111443,1
111551,5
111617,4
111622,5
111659,2
111663,0
111680,8
111732,9
111743,6
111759,3
111781,6
111785,1
111795,8
111800,0
111817,5
111844,3
111913,0
111921,6
112006,3
112070,0
112138,3
112171,4
112175,2
112183,8
112290,8
112303,8
112316,6
112326,1
112334,5
112370,9
112421,6
112450,7
112454,8
112460,8
112497,6
112512,7
112515,7
112552,3
112556,0
112580,7
112623,1
112727,5
112749,8
112788,4
112804,6
112818,0
112852,3
112868,0
112897,8
112911,9
112940,2
113159,5
113186,8
113207,0
113225,8
113252,0
113275,3
113278,0
113280,0
113313,5
113345,8
113348,0
113350,8
113374,9
113378,9
113394,3
113416,8
113453,6
113532,7
113565,5
113573,5
113604,6
113705,6
113741,3
113780,5
113829,1
113849,1
113862,5
114028,1
114044,5
114060,2
114066,5
114074,7
114126,1
114180,5
114184,0
114246,3
114265,1
114335,9
114396,6
114494,6
114554,6
114601,6
114627,6
114662,7
114670,5
114678,3
114707,5
114713,3
114762,6
114795,7
114818,8
114847,5
114925,8
114935,8
115065,6
115111,6
115122,3
115149,4
115151,8
115170,8
115203,9
115210,0
115216,8
115231,1
115502,3
115569,7
115617,3
115664,7
115667,3
115680,7
115713,5
115727,5
115819,1
115828,2
115877,5
115969,3
116044,1
116138,9
116169,1
116207,8
116411,1
116413,8
116419,8
116505,5
116529,7
116668,5
116718,6
116724,7
116738,6
116797,7
116799,0
116817,6
116823,3
116849,8
116887,3
116897,5
116941,1
116963,1
116977,0
116985,8
117107,8
117109,4
117133,8
117176,4
117192,2
117364,5
117368,3
117444,1
117466,4
117511,8
117529,4
117531,5
117533,7
117545,7
117572,3
117590,9
117630,1
117646,0
117849,5
117851,7
117867,5
117877,6
117881,8
117887,0
117895,1
117922,3
118082,5
118166,1
118198,1
118248,8
118270,6
118290,1
118326,8
118354,8
118512,8
118530,6
118572,4
118696,0
118700,6
118702,9
118706,3
118784,5
118814,8
118834,6
118862,6
118880,5
118888,9
118894,6
118896,1
118900,8
118924,1
118930,0
118985,6
118997,6
119068,8
119141,0
119145,0
119153,0
119155,4
119167,0
119218,1
119655,0
119714,6
119828,1
119964,3
120130,2
120138,1
120466,0
120478,5
120625,1
120635,6
120637,3
120761,5
120783,8
120799,3
120807,6
120813,6
120827,1
120919,0
121007,6
121035,1
121097,4
121099,6
121129,0
121169,5
121171,0
121231,0
121253,8
121338,6
121342,6
121372,0
121374,0
121469,6
121715,0
121781,6
122092,6
122246,6
122260,1
122433,1
122490,8
122627,1
122882,3
122884,0
122886,6
122888,6
122890,0
122892,6
122896,5
122898,6
122900,5
122902,0
122904,5
122906,0
122912,5
122916,6
122918,3
122920,5
122922,5
122924,2
122926,3
122932,8
123200,0
123310,1
123545,4
123553,0
123947,8
124273,6
124404,6
124484,9
124851,1
124853,5
124859,8
125221,8
125914,2
125916,3
125970,6
125974,8
126088,6
126090,1
126142,8
126420,8
126426,1
126430,3
126482,5
126548,4
126577,6
126921,6
127052,2
127096,0
127098,6
127108,0
127114,5
127116,0
127130,2
127132,8
127134,6
127136,0
127146,9
127152,3
127164,6
127172,5
127180,5
127184,0
127194,8
127198,0
127202,3
127204,0
127212,5
127298,2
127319,8
127323,3
127390,0
128087,6
128089,6
128097,0
128099,0
128197,1
128360,0
128366,6
128488,0
128512,8
128520,0
128542,7
128592,8
128594,6
128620,1
128695,9
128736,1
128832,3
128838,5
128842,0
128852,4
128900,5
128902,5
128908,0
128914,0
128944,6
128968,4
128975,6
128991,5
129011,6
129229,8
129250,8
129313,5
129333,8
129354,1
129397,9
129428,6
129514,1
129657,8
129659,8
129737,4
129779,1
129937,8
130050,5
130052,5
130073,8
130083,8
130087,8
130444,0
130450,6
130452,6
130482,5
130490,4
130498,6
130518,6
130520,3
130576,2
130578,0
130634,9
130686,5
130840,5
130842,0
130970,1
130976,1
130978,1
131013,6
131023,0
131098,6
131104,6
131130,6
131237,1
131439,6
131480,8
131578,1
131610,6
131656,2
131714,3
131724,0
131739,6
131749,3
131796,3
131826,3
131920,3
131934,5
132046,3
132084,1
132153,6
132157,0
132333,8
132335,6
132362,1
132422,4
132424,6
132454,0
132462,8
132488,8
132496,6
132584,6
132618,8
132660,1
132796,7
132800,1
132888,6
133115,8
133195,8
133217,3
133281,8
133365,8
133377,8
133419,3
133545,8
133645,0
133712,8
133716,1
133771,6
133780,8
133782,8
133798,8
133802,5
133832,5
133867,6
133879,6
134004,6
134019,5
134021,8
134041,1
134095,1
134109,1
134130,5
134158,8
134170,6
134184,1
134214,0
134246,6
134248,6
134252,1
134326,1
134334,6
134368,3
134393,2
134515,9
134524,0
134528,9
134775,7
134783,9
134796,5
134808,9
134847,6
134849,1
134853,1
134859,8
134861,0
134881,6
135133,5
135137,4
135143,3
135198,5
135216,9
135288,6
135436,1
135456,8
135518,0
135532,3
135534,5
135536,6
135567,9
135569,4
135777,6
135787,1
135803,5
135815,5
135861,1
135885,7
135887,6
135937,6
136012,1
136016,8
136018,8
136020,6
136024,5
136297,1
136305,9
136341,6
136353,6
136355,6
136359,6
136443,0
136445,1
136447,1
136449,8
136469,8
136471,0
136503,6
136511,0
136540,0
136556,0
136562,7
136564,9
136598,6
136602,9
136654,8
136664,8
136666,3
136778,8
136786,8
136800,8
136816,8
136834,6
136838,8
136840,8
136850,5
136859,8
136864,4
136912,1
136958,9
137218,1
137337,7
137345,1
137517,8
137595,3
137857,6
137859,1
137863,0
138036,4
138186,3
138204,5
138208,2
138210,7
138396,8
138546,8
138610,5
138632,5
138702,1
138798,9
138835,1
138966,5
139052,8
139130,1
139157,6
139385,1
139415,8
139511,5
139640,6
139642,8
139644,4
139655,5
139717,1
139747,3
139855,6
139857,8
139859,1
139915,6
139994,6
140016,3
140038,1
140110,3
140133,6
140162,5
140174,8
140237,8
140247,0
140265,1
140267,5
140289,5
140301,3
140359,4
140481,6
140523,3
140525,8
140541,6
140561,6
140627,3
140711,4
140715,3
140725,4
140737,5
140816,5
140850,8
140852,1
140928,9
140956,0
141004,3
141131,0
141400,5
141408,7
141422,8
141513,6
141544,5
141646,6
141668,6
141688,9
141718,6
141749,5
141799,5
141810,1
141816,1
141818,1
141820,1
141830,2
141836,1
141844,1
141846,9
141866,9
141890,6
141928,6
141994,9
142020,1
142056,3
142074,9
142115,5
142196,6
142222,8
142366,5
142372,3
142420,7
142422,3
142424,8
142444,6
142448,6
142456,7
142488,4
142507,6
142509,6
142536,9
142550,6
142558,6
142598,5
142602,9
142831,6
142961,9
142997,8
143001,8
143031,6
143245,1
143255,8
143257,9
143355,4
143365,0
143367,6
143385,8
143410,8
143458,7
143472,8
143511,1
143525,5
143559,6
143859,1
143896,5
143969,8
144210,5
144222,6
144262,8
144352,6
144478,5
144522,1
144606,0
144620,2
144714,8
144716,8
144734,7
144976,3
145080,5
145150,8
145283,5
145418,3
145491,6
145724,1
145745,1
145839,6
145935,6
145951,5
145994,1
146024,0
146028,1
146210,0
146244,6
146309,5
146656,0
146662,0
146682,6
146684,6
146688,8
146730,8
146986,6
147002,5
147142,3
147196,1
147250,1
147282,1
147286,1
147300,1
147326,1
147328,1
147330,1
147372,5
147374,5
147376,0
147378,4
147380,4
147382,0
147384,5
147410,6
147657,5
147662,5
147936,6
148166,5
148172,6
148238,6
148424,5
148482,8
148592,8
148626,0
148632,6
148652,7
148667,6
148671,0
148675,3
148709,8
148775,6
148881,6
148888,5
148956,3
148978,5
148982,0
149011,5
149144,3
149146,3
149330,9
149334,3
149350,6
149352,2
149354,6
149380,3
149406,4
149508,6
149566,6
149590,8
149612,8
149830,3
149902,3
150254,6
150401,6
150548,3
150554,6
150596,0
150604,8
150696,5
150993,7
151311,0
151315,9
151317,8
151455,2
151479,1
151501,8
151557,0
151559,8
151653,8
151687,6
151695,3
151739,3
151745,8
151759,9
151763,5
151769,1
151777,8
151781,1
152037,9
152063,6
152065,5
152071,6
152077,4
152079,6
152081,7
152083,6
152085,8
152091,0
152105,8
152173,0
152270,8
152284,3
152372,5
152591,1
152658,8
152711,0
152970,5
153070,6
153236,1
153386,6
153408,6
154065,8
154358,2
154975,6
155064,7
155168,5
155288,9
155358,8
155509,3
155589,6
155659,8
155743,8
155774,5
155812,6
155820,6
155892,8
156025,6
156371,2
156387,7
156553,8
156605,6
156607,2
156609,6
156675,1
156706,8
156726,8
156781,6
156783,3
157108,5
157110,5
157122,8
157130,8
157172,8
157200,2
157270,8
157296,4
157312,3
157340,8
157369,5
157407,8
157432,8
157699,3
157775,6
157865,1
158022,8
158027,3
158035,5
158238,7
158254,5
158388,1
158398,6
158402,1
158528,3
158721,5
158783,2
158813,9
158830,9
158842,5
158872,8
158874,1
158882,6
158956,0
158966,0
158972,7
159061,1
159069,6
159077,8
159093,3
159161,0
159193,8
159403,1
159415,5
159441,4
159510,9
159690,8
159717,6
159755,8
159779,0
159811,1
159817,0
159849,6
159858,8
159976,5
160080,0
160271,6
160289,0
160341,5
160400,3
160422,6
160438,6
160440,8
160527,5
160563,0
160565,8
160567,2
160569,9
160571,3
160573,8
160644,0
160646,8
160684,5
160718,0
160730,8
160836,5
160848,3
160872,3
160954,7
160978,1
160980,9
161008,1
161024,0
161032,1
161044,1
161127,2
161131,3
161290,8
161354,0
161580,3
161582,8
161594,5
161634,3
161830,8
161918,8
161922,0
161966,3
162082,3
162344,0
162350,3
162414,0
162478,3
162578,6
162590,6
162598,0
162600,2
162602,0
162606,8
162828,8
162968,5
162982,5
163056,0
163072,1
163112,1
163134,3
163386,1
163527,6
163639,0
163645,0
163653,6
163809,1
163925,1
163937,5
163981,5
163985,3
164179,3
164200,4
164226,6
164280,9
164367,7
164375,8
164540,6
164647,8
164655,0
164707,6
164753,8
164881,3
164909,8
164917,6
165075,8
165101,3
165103,4
165139,8
165343,8
165347,8
165483,0
165489,6
165529,1
165549,8
165551,0
165635,5
165639,5
165645,0
165671,0
165843,0
165947,4
165959,1
165969,8
166015,5
166024,7
166183,1
166203,0
166291,9
166461,2
166492,3
166526,6
166528,7
166534,8
166558,0
166568,3
166635,0
166643,8
166705,6
166946,5
167018,3
167036,3
167064,0
167296,3
167370,1
167380,6
167538,9
167570,2
167634,0
167706,1
167732,6
167746,0
167772,6
167790,3
167854,6
168026,0
168090,5
168144,0
168174,2
168218,5
168248,0
168250,0
168252,0
168254,7
168266,3
168326,9
168350,8
168358,9
168366,6
168418,3
168456,8
168492,8
168608,1
168612,6
168632,0
168712,0
168846,0
169034,3
169180,8
169670,1
169904,1
169912,1
169958,1
169982,0
169984,0
169992,2
170289,5
170297,1
170355,2
170357,0
170399,0
170401,0
170411,1
170551,1
170597,1
170697,0
170705,6
170777,1
170813,3
170817,0
170827,3
170837,6
170875,6
170897,0
170907,5
170937,0
170939,6
170945,6
170957,0
170993,6
171011,0
171023,5
171251,0
171495,4
171631,0
171695,1
171701,9
171749,1
171751,6
171759,9
171763,0
171765,2
171811,6
171867,0
171891,0
171917,0
172013,9
172215,9
172229,1
172233,1
172253,1
172321,6
172461,9
172497,0
172547,6
172577,1
172583,1
172585,1
172587,1
172589,1
172591,7
172637,1
172705,5
172793,1
172825,1
172875,0
172881,0
172887,0
172909,1
173145,2
173197,6
173205,2
173209,2
173235,5
173253,6
173255,0
173291,3
173307,3
173317,5
173351,1
173355,1
173535,1
173619,1
173751,8
173873,1
173925,3
173941,0
173963,1
174045,0
174053,7
174055,2
174141,9
174403,9
174479,5
174551,1
174681,6
174727,1
174737,9
174815,0
174909,6
175197,6
175199,3
175293,1
175303,1
175387,1
175397,1
175401,1
175431,1
175435,1
175475,5
175485,1
175569,6
175577,0
175585,5
175661,1
175693,9
175705,9
175707,9
175743,9
175781,9
176051,0
176101,3
176329,0
176371,1
176389,2
176413,5
176415,5
176419,2
176423,2
176579,2
176601,3
176621,6
176751,6
176805,6
176935,0
177185,6
177285,5
177593,7
177615,8
177763,1
177765,1
177939,5
178061,9
178111,5
178129,1
178323,0
178613,1
178615,0
178827,9
179053,1
179073,9
179119,0
179133,1
179135,5
179211,3
179401,3
179427,0
179491,6
179511,0
179709,8
179749,6
179813,0
179815,6
179817,4
179819,5
179953,0
180031,3
180045,2
180095,0
180231,0
180263,9
180265,0
180297,9
180497,6
180777,5
180985,8
180987,5
181065,1
181139,0
181315,1
181413,5
181659,0
181719,0
182293,6
182297,6
182299,6
182639,0
182715,3
182727,9
182731,6
182749,0
182793,0
182823,8
183011,1
183197,0
183199,0
183227,0
183295,3
183301,1
183317,0
183611,3
183635,0
183897,6
183911,5
183959,0
184015,0
184053,0
184245,5
184253,8
184257,0
184349,6
184471,6
184641,5
184721,0
184791,4
184931,9
184987,9
184997,0
185029,3
185031,3
185033,9
185135,3
185435,0
185473,9
185585,3
186587,9
187031,0
187541,5
187593,5
187595,5
187717,0
188189,0
188301,0
188675,5
188751,6
188797,9
188833,5
189043,0
189111,0
189333,0
189381,5
189547,0
189713,0
190183,9
190207,0
190209,0
190213,0
190215,0
190219,0
190221,0
191005,5
193565,5
193567,5
193571,5
193573,5
193579,5
193581,5
193583,5
193585,5
193587,5
193609,6
