movieId,groupId
1,2
2,5
3,2
4,3
5,3
6,0
7,2
8,3
9,3
10,5
11,5
12,1
13,4
14,2
15,2
16,3
17,5
18,3
19,5
20,0
21,5
22,1
23,6
24,5
25,5
26,4
27,5
28,3
29,3
30,6
31,5
32,3
34,2
36,4
38,6
39,5
40,0
41,4
42,0
43,5
44,6
45,4
46,2
47,3
48,2
49,2
50,0
52,4
53,0
54,6
55,6
57,3
58,5
60,3
61,5
62,2
63,2
64,3
65,3
66,6
68,4
69,5
70,3
71,3
72,5
73,5
74,6
75,5
76,3
77,4
78,3
79,5
80,5
81,0
82,6
83,3
85,3
86,2
87,0
88,2
89,3
92,5
93,5
94,3
95,3
96,5
97,1
99,4
100,3
101,4
102,2
103,2
104,3
105,2
106,0
107,3
108,4
110,3
111,5
112,3
113,3
116,5
117,5
118,3
119,5
121,3
122,6
123,3
125,0
126,5
128,0
129,2
132,4
135,5
137,5
140,2
141,4
144,3
145,2
146,3
147,4
148,2
149,4
150,5
151,5
152,3
153,2
154,0
155,5
156,3
157,5
158,6
159,0
160,5
161,5
162,1
163,5
164,5
165,3
166,6
168,3
169,2
170,5
171,5
172,5
173,6
174,5
175,5
176,2
177,3
178,2
179,5
180,3
181,2
183,5
184,5
185,5
186,5
187,5
188,2
189,5
190,5
191,5
193,5
194,3
195,6
196,5
198,5
199,3
201,5
202,0
203,5
204,5
205,5
206,4
207,2
208,2
209,6
210,0
211,4
212,5
213,5
214,4
215,6
216,3
217,4
218,2
219,5
220,5
222,5
223,3
224,1
225,5
227,2
228,5
229,5
230,5
231,3
232,5
233,5
234,5
235,3
236,5
237,2
238,6
239,0
240,5
241,5
242,5
243,5
246,3
247,0
248,2
249,3
250,3
251,5
252,2
253,5
254,5
255,3
256,3
257,2
258,5
259,5
260,2
261,2
262,5
263,0
265,0
266,4
267,2
269,4
270,5
271,3
272,3
273,4
274,6
275,3
276,5
277,2
278,4
279,5
280,3
281,5
282,5
283,3
284,5
285,5
287,6
288,0
289,6
290,1
291,6
292,3
293,1
294,5
295,3
296,3
298,2
299,4
300,3
301,4
302,5
303,2
304,5
305,3
306,4
307,4
308,5
310,5
311,5
312,5
313,5
314,5
315,3
316,6
317,5
318,5
319,4
320,4
321,0
322,4
324,6
325,5
326,4
327,2
328,3
329,5
330,2
331,4
332,4
333,5
334,4
335,5
336,5
337,4
338,5
339,2
340,5
341,2
342,0
343,5
344,6
345,4
346,5
347,5
348,4
349,5
350,6
351,5
352,5
353,1
354,1
355,0
356,5
357,5
358,3
359,5
360,3
361,5
362,0
363,0
364,4
365,4
366,0
367,3
368,0
369,4
370,3
371,4
372,4
373,0
374,6
376,5
377,5
378,4
379,3
380,6
381,6
382,3
383,3
384,3
385,0
386,5
387,5
388,1
389,0
390,5
391,4
393,2
405,3
406,6
407,6
408,5
409,3
410,3
412,5
413,5
414,3
415,5
416,4
417,3
418,5
419,4
420,3
421,3
422,4
423,1
424,3
425,0
426,5
427,3
428,0
429,3
430,3
431,3
432,6
433,4
434,3
435,5
436,3
437,3
438,3
440,5
441,1
442,3
444,5
445,5
446,1
448,5
449,5
450,4
451,0
452,0
453,5
454,5
455,5
456,0
457,3
458,5
459,3
460,3
461,4
464,3
466,5
467,5
468,3
469,3
470,3
471,5
472,3
473,0
474,3
475,3
476,4
477,3
478,3
479,2
480,2
481,6
482,4
484,5
485,3
486,5
487,5
488,5
489,5
490,6
491,6
492,0
493,5
494,3
495,4
496,2
497,0
499,3
500,4
501,6
502,4
504,3
505,4
506,4
507,0
508,0
509,4
510,5
511,5
512,5
513,0
514,5
515,4
516,4
517,0
518,3
519,5
520,5
521,0
522,5
523,3
524,4
526,4
527,4
528,5
529,0
531,4
532,2
533,0
534,4
535,0
536,5
537,0
538,3
539,0
540,5
541,3
542,6
543,3
544,4
546,3
547,5
548,4
549,3
550,3
551,0
552,5
553,2
555,5
556,5
558,3
562,0
563,0
564,3
567,4
568,3
569,5
573,0
574,3
575,5
577,3
579,0
580,4
581,4
583,0
585,6
586,4
587,2
588,2
589,2
590,5
592,3
593,2
594,2
595,2
596,2
597,5
599,4
600,5
602,4
605,5
606,0
608,5
609,5
610,6
611,4
612,5
613,5
615,2
616,4
617,0
618,5
619,5
626,6
627,0
628,5
631,5
632,0
633,5
634,5
635,5
636,5
637,3
638,5
639,5
640,5
645,4
647,5
648,3
649,4
650,2
653,3
656,5
661,2
662,5
663,0
665,4
667,5
668,6
670,6
671,0
673,1
674,4
678,4
679,2
680,3
685,5
688,3
691,6
692,3
694,2
695,5
697,4
698,4
700,3
703,5
704,5
706,5
707,4
708,5
709,3
710,2
711,5
714,2
715,0
718,6
719,2
720,0
722,6
724,6
725,4
726,6
728,5
731,0
733,2
735,3
736,6
737,5
741,3
742,0
743,5
745,5
747,5
748,3
750,0
757,2
759,4
760,6
761,0
762,5
764,0
765,3
766,4
773,0
775,5
778,0
779,2
780,2
781,5
782,5
783,2
784,3
785,1
786,3
788,3
790,5
791,2
795,5
798,0
799,5
800,3
801,6
802,6
803,4
804,3
805,4
806,3
808,4
809,3
810,3
813,5
818,0
823,0
824,2
828,5
829,0
830,4
832,3
833,5
835,5
836,5
837,6
838,3
839,6
840,5
841,0
842,2
848,3
849,5
851,3
852,2
858,5
861,3
866,0
867,3
869,3
870,3
875,5
876,0
879,5
880,5
881,6
882,4
885,3
886,3
888,5
889,5
891,0
892,0
893,0
896,2
897,6
898,0
899,4
900,4
901,6
902,4
903,0
904,5
905,4
906,5
907,6
908,5
909,5
910,4
911,5
912,4
913,6
914,0
915,4
916,5
917,3
918,4
919,0
920,4
921,0
922,4
923,3
924,0
926,5
927,0
928,3
929,5
930,0
931,1
932,6
933,3
934,2
935,6
936,3
937,4
938,4
940,4
941,3
942,2
943,6
944,3
945,0
946,5
947,4
948,5
949,4
950,0
951,3
952,4
953,4
954,4
955,5
956,5
959,5
961,0
963,3
965,5
968,5
969,5
970,5
971,2
973,6
976,5
979,5
981,5
982,5
984,0
986,5
987,6
988,4
990,5
991,4
993,5
994,1
996,2
998,2
999,0
1003,2
1004,3
1005,5
1006,5
1007,3
1008,3
1009,3
1010,4
1011,5
1012,4
1013,4
1014,5
1015,4
1016,0
1017,2
1018,4
1019,0
1020,5
1021,5
1022,4
1023,3
1024,5
1025,4
1027,0
1028,4
1029,2
1030,3
1031,3
1032,0
1033,2
1034,0
1035,4
1036,1
1037,5
1040,5
1041,3
1042,5
1043,3
1046,6
1047,0
1049,3
1050,4
1051,5
1053,4
1054,5
1055,4
1056,4
1057,6
1059,3
1060,4
1061,5
1064,5
1066,6
1068,5
1073,2
1077,0
1078,5
1079,3
1080,3
1081,0
1082,5
1083,6
1084,5
1085,0
1086,3
1088,4
1089,1
1090,1
1091,4
1092,3
1093,6
1094,5
1095,4
1096,4
1097,2
1099,3
1100,3
1101,3
1103,3
1104,5
1105,5
1107,3
1111,3
1112,2
1114,3
1116,2
1117,0
1119,4
1120,0
1121,5
1123,3
1124,3
1125,3
1126,3
1127,0
1128,3
1129,0
1130,5
1131,3
1132,0
1135,6
1136,3
1137,2
1140,0
1144,2
1147,3
1148,4
1150,0
1151,2
1156,0
1161,5
1162,0
1163,3
1167,5
1170,5
1171,5
1172,4
1173,5
1175,0
1176,0
1177,5
1178,5
1179,5
1180,0
1183,4
1184,3
1185,5
1186,4
1187,5
1188,0
1189,0
1190,5
1191,6
1192,2
1193,6
1194,5
1196,3
1197,3
1198,2
1199,0
1200,5
1201,1
1202,5
1203,0
1204,5
1206,3
1207,2
1208,3
1209,4
1210,3
1211,4
1212,3
1213,4
1214,5
1215,3
1216,5
1217,2
1218,3
1219,5
1220,3
1221,2
1222,5
1223,4
1224,5
1225,0
1226,6
1227,2
1228,3
1230,0
1231,5
1232,6
1233,0
1234,4
1235,3
1236,5
1237,0
1238,0
1240,2
1241,6
1242,5
1243,4
1244,3
1245,0
1246,0
1247,3
1248,5
1249,3
1250,5
1251,0
1252,5
1253,5
1254,0
1255,4
1256,6
1257,6
1258,0
1259,0
1260,3
1261,3
1262,4
1263,6
1264,4
1265,3
1266,4
1267,1
1268,0
1269,3
1270,2
1271,4
1272,5
1273,0
1274,3
1275,5
1276,5
1277,3
1278,3
1279,0
1280,1
1281,5
1282,0
1283,5
1284,6
1285,5
1286,5
1287,5
1288,5
1289,0
1290,3
1291,4
1292,0
1293,4
1295,0
1296,0
1297,4
1298,3
1299,0
1300,3
1301,3
1302,5
1303,4
1304,6
1305,1
1306,0
1307,4
1310,4
1312,0
1318,4
1320,3
1321,0
1322,3
1323,0
1324,3
1325,3
1326,3
1327,3
1328,3
1329,0
1330,3
1331,3
1332,5
1333,5
1334,5
1335,5
1336,5
1337,0
1339,1
1340,4
1341,0
1342,0
1343,4
1344,1
1345,3
1346,5
1347,1
1348,3
1349,4
1350,6
1351,4
1352,4
1353,5
1354,4
1355,3
1356,2
1357,0
1358,5
1359,3
1361,4
1363,6
1365,4
1366,4
1367,2
1370,2
1371,4
1372,4
1373,4
1374,5
1375,4
1376,5
1377,4
1378,3
1379,3
1380,4
1381,5
1382,4
1385,3
1387,4
1388,3
1389,5
1390,5
1391,6
1392,3
1393,0
1394,4
1395,5
1396,6
1397,5
1398,5
1399,5
1401,5
1405,3
1406,3
1407,5
1408,4
1409,1
1411,0
1412,2
1413,5
1414,5
1415,4
1416,3
1417,4
1419,0
1422,3
1423,5
1425,5
1426,3
1427,3
1428,4
1429,6
1430,5
1431,2
1432,0
1437,6
1438,6
1439,3
1440,3
1441,3
1442,2
1445,0
1446,0
1447,5
1449,5
1453,5
1454,5
1456,3
1457,2
1458,5
1459,3
1460,5
1461,3
1464,0
1465,0
1466,0
1468,3
1473,6
1474,4
1475,4
1476,5
1477,3
1479,0
1480,5
1483,3
1484,4
1485,3
1487,5
1488,6
1489,4
1490,0
1493,0
1495,5
1496,5
1497,5
1498,3
1499,3
1500,3
1502,4
1503,0
1507,5
1513,5
1514,4
1515,4
1516,3
1517,3
1518,5
1519,0
1526,3
1527,2
1529,5
1533,3
1537,4
1541,3
1542,5
1544,4
1545,0
1546,5
1547,3
1549,4
1550,3
1551,3
1552,4
1554,4
1556,6
1562,6
1564,1
1565,3
1566,6
1569,2
1571,3
1572,0
1573,2
1574,2
1580,1
1581,3
1582,4
1583,3
1584,5
1585,4
1586,5
1587,4
1588,5
1589,3
1590,4
1591,5
1592,5
1593,0
1594,6
1596,0
1597,5
1598,5
1599,3
1600,5
1601,3
1602,4
1603,5
1604,5
1605,2
1606,5
1608,6
1609,3
1610,5
1611,5
1612,4
1613,4
1614,3
1615,5
1616,3
1617,5
1619,5
1620,3
1621,5
1623,3
1624,4
1625,5
1626,5
1627,4
1629,6
1631,2
1633,0
1635,0
1639,5
1641,0
1642,5
1643,6
1644,0
1645,0
1646,3
1647,3
1648,5
1649,0
1650,5
1652,5
1653,3
1654,5
1655,5
1656,5
1658,3
1659,2
1660,3
1661,5
1662,0
1663,3
1665,0
1667,0
1670,6
1671,3
1672,6
1673,4
1674,5
1675,5
1676,6
1677,3
1678,0
1679,3
1680,5
1681,3
1682,6
1683,4
1684,3
1685,6
1686,5
1687,5
1688,2
1689,0
1690,1
1693,4
1694,5
1695,4
1696,2
1699,4
1701,5
1702,3
1703,5
1704,5
1707,4
1711,3
1713,3
1717,3
1718,5
1719,6
1721,4
1722,5
1726,0
1727,0
1729,3
1730,5
1731,4
1732,4
1733,0
1734,6
1735,4
1739,5
1746,3
1747,5
1748,3
1752,5
1753,0
1754,0
1755,6
1757,0
1759,4
1760,4
1762,1
1767,3
1769,3
1770,0
1771,0
1772,5
1777,5
1779,5
1783,0
1784,0
1785,5
1791,3
1792,5
1793,6
1794,3
1797,3
1798,5
1799,4
1801,5
1804,5
1805,5
1806,3
1807,5
1809,4
1810,6
1812,3
1816,4
1821,5
1824,5
1825,2
1826,5
1827,6
1829,5
1831,5
1833,5
1834,5
1835,5
1836,0
1837,4
1839,3
1840,0
1841,0
1844,0
1845,0
1848,4
1855,3
1856,4
1857,0
1858,0
1859,3
1860,4
1862,3
1863,5
1866,5
1867,3
1870,5
1873,4
1875,0
1876,5
1881,3
1882,3
1883,0
1884,0
1885,5
1887,3
1888,0
1889,5
1891,3
1892,4
1893,5
1894,6
1895,0
1897,4
1900,0
1902,5
1904,4
1906,4
1907,4
1909,5
1910,5
1911,0
1912,4
1913,0
1914,6
1916,4
1917,2
1918,0
1919,4
1920,4
1921,3
1922,5
1923,3
1924,4
1926,5
1927,6
1928,5
1929,0
1931,3
1932,5
1933,5
1934,5
1936,6
1937,0
1938,2
1939,5
1940,5
1941,5
1942,6
1944,2
1945,5
1946,1
1947,5
1948,4
1949,3
1950,6
1951,0
1952,0
1953,3
1954,5
1955,5
1956,1
1957,4
1958,3
1959,3
1960,0
1961,4
1962,4
1963,0
1964,6
1965,0
1966,4
1967,3
1968,3
1969,0
1970,4
1971,3
1972,3
1973,0
1974,0
1975,0
1976,6
1977,6
1978,3
1979,6
1980,3
1981,3
1982,5
1983,6
1984,4
1985,5
1986,5
1987,3
1990,5
1991,4
1992,3
1993,3
1994,2
1995,0
1996,6
1997,3
1998,5
1999,3
2000,3
2001,2
2002,3
2003,3
2004,5
2005,0
2006,5
2007,5
2008,4
2009,5
2010,5
2011,4
2012,4
2013,1
2014,4
2015,5
2016,3
2017,5
2018,2
2019,4
2020,0
2021,4
2022,5
2023,3
2024,6
2025,0
2026,3
2027,3
2028,3
2032,5
2033,5
2034,5
2035,5
2036,0
2037,3
2038,3
2040,1
2041,3
2042,5
2043,3
2044,3
2046,5
2048,5
2050,6
2051,3
2052,5
2053,3
2054,3
2055,3
2056,3
2057,4
2058,5
2059,6
2060,3
2064,0
2065,5
2066,1
2067,0
2068,5
2069,6
2070,2
2071,0
2072,4
2073,0
2074,0
2075,2
2076,3
2077,6
2078,0
2080,4
2081,4
2082,5
2083,4
2084,4
2085,4
2087,4
2088,3
2089,4
2090,3
2091,3
2092,5
2093,5
2094,5
2095,6
2096,4
2097,3
2098,3
2099,6
2100,5
2102,5
2103,6
2104,4
2105,1
2106,3
2107,5
2108,3
2109,1
2110,5
2111,4
2112,3
2114,1
2115,2
2116,5
2117,5
2118,5
2119,3
2120,3
2121,4
2122,3
2123,1
2124,6
2125,5
2126,4
2130,0
2131,0
2132,1
2133,6
2134,4
2135,1
2136,3
2137,4
2138,6
2139,3
2140,1
2141,4
2142,0
2143,6
2144,4
2145,0
2146,5
2147,5
2148,5
2149,3
2150,0
2151,5
2152,3
2153,3
2154,3
2155,5
2156,0
2159,5
2160,0
2161,3
2162,6
2163,5
2164,5
2165,4
2166,3
2167,6
2169,3
2170,3
2171,5
2172,5
2174,1
2175,5
2176,3
2177,4
2178,1
2179,5
2180,5
2181,4
2182,4
2183,3
2184,0
2185,5
2186,0
2187,5
2188,3
2190,3
2193,4
2194,3
2195,4
2196,5
2201,1
2202,5
2203,5
2204,6
2205,5
2206,5
2207,0
2208,0
2210,0
2211,5
2212,6
2226,5
2227,5
2231,3
2232,4
2236,4
2239,0
2240,5
2241,5
2243,0
2244,3
2245,4
2247,0
2248,0
2249,6
2252,4
2253,4
2255,3
2256,5
2257,2
2259,5
2260,5
2261,1
2262,6
2263,6
2264,3
2265,6
2266,5
2267,5
2268,6
2269,4
2271,5
2272,0
2273,5
2275,0
2278,4
2279,5
2280,2
2281,3
2282,4
2283,4
2286,3
2287,5
2288,5
2289,0
2290,1
2291,0
2292,3
2294,3
2295,5
2296,4
2297,5
2298,0
2300,3
2301,6
2302,3
2303,3
2304,4
2306,3
2307,3
2310,0
2311,6
2312,6
2313,2
2314,3
2315,4
2316,5
2318,5
2320,5
2321,3
2322,5
2323,0
2324,3
2325,0
2327,4
2328,6
2329,2
2330,2
2331,5
2332,0
2333,6
2334,5
2335,1
2336,4
2337,3
2338,6
2339,3
2340,5
2342,5
2344,5
2346,5
2347,3
2348,4
2349,5
2350,3
2351,4
2352,6
2353,3
2354,3
2355,5
2356,3
2357,5
2358,4
2359,2
2360,1
2361,5
2362,5
2363,5
2364,5
2365,5
2366,3
2367,5
2368,3
2369,5
2370,3
2371,4
2372,5
2373,0
2374,1
2375,5
2376,2
2377,6
2378,0
2379,0
2380,3
2381,0
2382,0
2383,3
2384,0
2385,3
2387,5
2388,0
2389,3
2390,1
2391,4
2392,3
2393,5
2394,2
2395,4
2396,5
2398,4
2399,3
2400,5
2401,5
2402,5
2403,0
2404,0
2405,4
2406,4
2407,4
2408,3
2409,3
2410,5
2411,6
2412,0
2413,5
2414,6
2415,4
2416,4
2417,4
2418,3
2419,2
2420,4
2421,5
2422,0
2423,1
2424,5
2425,5
2427,3
2428,4
2429,3
2430,5
2431,1
2432,5
2433,2
2435,4
2436,5
2439,4
2442,5
2443,2
2445,4
2446,3
2447,4
2448,3
2450,3
2451,5
2453,3
2454,5
2455,3
2456,0
2457,3
2458,3
2459,5
2460,3
2462,3
2463,6
2465,3
2467,5
2468,0
2469,3
2470,4
2471,0
2472,3
2473,5
2474,0
2475,5
2476,3
2477,5
2478,3
2481,0
2482,3
2483,3
2485,5
2488,5
2490,2
2491,6
2492,2
2493,4
2494,5
2495,0
2496,5
2497,5
2498,5
2500,5
2501,2
2502,4
2503,0
2504,2
2505,2
2506,6
2511,6
2512,4
2513,3
2514,6
2515,3
2516,3
2517,3
2518,5
2520,4
2521,5
2522,5
2523,5
2524,6
2525,3
2526,5
2527,3
2528,5
2529,5
2530,5
2531,5
2532,5
2533,5
2534,5
2535,3
2537,3
2538,6
2539,0
2540,4
2541,5
2542,4
2544,4
2546,3
2548,0
2549,5
2550,5
2551,4
2552,3
2553,5
2554,4
2555,4
2557,0
2558,0
2559,3
2560,4
2561,0
2563,5
2565,3
2566,5
2567,3
2568,5
2570,0
2571,2
2572,0
2573,3
2574,3
2575,5
2577,4
2579,5
2580,3
2581,5
2582,3
2583,5
2585,5
2586,5
2587,5
2589,5
2590,5
2593,1
2594,0
2596,5
2597,3
2598,3
2599,6
2600,5
2605,5
2606,3
2607,5
2609,4
2611,5
2612,5
2613,2
2614,3
2615,5
2616,2
2617,5
2618,0
2620,4
2622,3
2623,6
2624,3
2625,0
2628,1
2629,3
2630,4
2632,0
2633,4
2634,5
2639,5
2640,5
2641,5
2642,4
2643,0
2644,3
2648,5
2651,0
2652,5
2654,5
2655,3
2656,5
2657,6
2659,2
2660,5
2661,5
2662,3
2664,3
2665,0
2668,6
2669,4
2670,5
2671,5
2672,5
2674,0
2676,5
2677,0
2681,3
2682,4
2683,6
2686,6
2687,2
2688,5
2690,5
2691,5
2692,3
2693,0
2694,6
2695,3
2696,0
2697,5
2698,3
2699,3
2700,3
2701,5
2702,4
2706,3
2707,2
2708,0
2709,4
2710,3
2712,5
2713,6
2716,4
2717,0
2718,5
2719,6
2720,2
2722,1
2723,5
2724,5
2725,4
2726,5
2727,4
2728,4
2729,0
2730,4
2731,1
2732,0
2733,3
2734,0
2735,3
2736,3
2737,5
2738,2
2739,0
2740,3
2741,3
2742,6
2743,5
2744,0
2745,5
2746,0
2747,4
2748,3
2749,2
2750,0
2751,5
2752,6
2754,3
2757,5
2759,0
2761,2
2762,3
2763,6
2764,5
2765,5
2766,5
2769,6
2770,3
2771,5
2772,3
2774,5
2775,5
2779,5
2782,5
2784,0
2786,0
2787,3
2788,0
2789,0
2790,0
2791,0
2792,0
2793,0
2794,4
2795,5
2796,3
2797,4
2798,6
2799,3
2800,3
2801,5
2802,5
2803,4
2804,2
2805,5
2806,4
2807,6
2808,3
2810,0
2812,4
2813,4
2815,0
2816,3
2817,0
2818,3
2819,3
2820,2
2822,4
2824,2
2826,2
2827,5
2828,5
2829,5
2835,5
2836,3
2837,3
2839,5
2840,3
2841,3
2843,5
2844,5
2846,4
2847,4
2848,5
2851,5
2852,3
2856,3
2857,5
2858,3
2859,2
2860,3
2861,3
2862,5
2863,5
2865,4
2866,5
2867,6
2868,0
2870,3
2871,5
2872,5
2874,0
2875,5
2876,5
2877,5
2878,3
2879,6
2880,3
2881,0
2882,0
2883,3
2884,5
2885,4
2886,5
2887,3
2888,5
2889,3
2890,4
2891,5
2892,4
2893,5
2894,5
2896,0
2897,0
2898,3
2899,5
2900,3
2901,5
2902,4
2903,5
2905,0
2906,6
2907,5
2908,0
2912,4
2915,4
2916,3
2917,0
2918,5
2919,5
2921,5
2922,6
2924,0
2925,4
2926,5
2927,4
2928,3
2929,5
2930,5
2931,3
2932,5
2935,4
2936,4
2937,5
2940,5
2941,0
2942,4
2943,0
2944,5
2946,3
2947,5
2948,3
2949,4
2950,5
2951,5
2952,4
2953,4
2956,3
2959,3
2961,3
2962,3
2964,2
2965,5
2966,5
2967,5
2968,3
2969,5
2970,0
2971,5
2972,4
2973,4
2974,5
2975,3
2976,0
2977,0
2978,5
2979,5
2982,3
2983,2
2984,5
2985,6
2986,1
2987,2
2988,2
2989,6
2990,4
2991,4
2992,0
2993,4
2995,3
2996,0
2997,6
3000,5
3002,4
3003,5
3004,2
3005,1
3006,0
3007,3
3008,5
3010,0
3011,6
3013,0
3014,3
3015,5
3016,3
3017,0
3018,0
3019,4
3020,0
3021,3
3022,5
3024,5
3028,0
3029,5
3030,6
3031,0
3032,5
3033,5
3034,4
3035,4
3036,5
3037,6
3038,0
3039,3
3040,1
3041,6
3042,4
3043,3
3044,0
3045,5
3046,3
3048,3
3051,6
3052,6
3053,3
3054,4
3055,0
3056,3
3057,3
3060,0
3061,4
3062,2
3063,5
3064,5
3066,6
3067,4
3068,6
3070,3
3071,5
3072,5
3073,2
3074,5
3075,5
3076,4
3077,0
3078,5
3079,0
3081,3
3082,6
3083,6
3086,0
3087,1
3088,5
3089,3
3090,6
3091,0
3093,6
3094,5
3095,5
3096,0
3097,5
3098,5
3099,5
3100,6
3101,4
3102,5
3103,3
3104,0
3105,5
3106,0
3107,3
3108,4
3109,6
3111,5
3112,5
3113,2
3114,3
3115,5
3117,4
3120,6
3125,5
3127,5
3129,5
3130,5
3132,3
3134,0
3135,4
3138,2
3141,3
3142,3
3143,4
3145,3
3146,6
3147,0
3148,4
3150,0
3152,2
3153,5
3155,4
3156,0
3157,6
3158,0
3159,3
3160,4
3161,5
3162,3
3163,3
3165,5
3167,5
3168,3
3169,0
3171,3
3173,5
3174,5
3175,4
3176,5
3177,2
3178,3
3179,4
3181,5
3182,0
3183,4
3185,5
3186,1
3189,3
3190,3
3192,2
3194,1
3196,5
3197,0
3198,3
3200,0
3201,1
3203,5
3204,0
3206,6
3208,3
3210,0
3211,5
3213,5
3214,2
3217,3
3219,6
3221,5
3223,4
3224,4
3225,3
3230,6
3235,3
3238,0
3240,0
3241,3
3243,0
3244,5
3246,3
3247,1
3248,4
3249,4
3250,1
3251,5
3252,0
3253,5
3254,5
3255,5
3256,5
3257,4
3258,4
3259,4
3260,4
3261,0
3262,5
3263,0
3264,0
3265,6
3266,0
3267,0
3268,5
3269,0
3270,5
3271,5
3272,4
3273,5
3274,4
3275,1
3276,3
3280,3
3281,5
3283,0
3284,3
3285,5
3286,3
3287,2
3289,0
3294,5
3295,0
3296,1
3298,6
3299,4
3300,5
3301,5
3302,3
3303,4
3306,5
3307,5
3308,3
3310,4
3313,3
3315,0
3316,3
3317,4
3323,5
3324,3
3325,3
3326,0
3327,0
3328,0
3329,2
3330,5
3331,3
3334,6
3341,1
3342,0
3344,4
3345,3
3347,0
3350,5
3353,5
3354,6
3355,0
3357,3
3358,3
3359,6
3360,5
3361,0
3362,3
3363,3
3364,3
3365,0
3368,5
3370,3
3372,2
3374,4
3378,5
3379,3
3384,6
3385,6
3386,3
3387,3
3388,4
3389,3
3390,3
3391,5
3392,4
3393,5
3394,3
3395,4
3396,4
3397,4
3398,5
3400,3
3401,5
3402,2
3403,2
3404,2
3405,0
3406,0
3408,5
3409,3
3410,5
3412,0
3414,2
3415,5
3417,3
3418,5
3420,0
3421,3
3422,5
3423,0
3424,0
3425,0
3426,4
3428,5
3429,0
3430,3
3431,3
3432,3
3433,3
3434,3
3435,3
3436,5
3438,4
3439,5
3440,0
3441,5
3442,5
3444,5
3445,2
3446,6
3447,0
3448,2
3449,2
3450,3
3451,5
3452,4
3453,5
3454,3
3455,0
3459,4
3461,5
3462,5
3466,6
3467,0
3468,3
3469,3
3470,0
3471,3
3473,0
3474,5
3475,1
3476,3
3477,4
3478,5
3479,3
3480,2
3481,4
3483,4
3484,5
3489,5
3492,0
3494,6
3496,2
3497,0
3498,3
3499,3
3500,5
3501,3
3502,6
3503,0
3504,0
3505,4
3506,0
3507,3
3508,6
3510,5
3511,3
3512,5
3513,3
3514,4
3515,5
3516,0
3519,5
3521,0
3524,4
3525,6
3526,1
3527,6
3528,6
3529,0
3531,4
3534,2
3535,5
3536,5
3537,5
3538,1
3539,5
3543,3
3544,5
3545,5
3546,1
3548,5
3549,4
3550,5
3551,0
3552,5
3553,4
3554,5
3555,5
3556,5
3557,1
3559,3
3563,0
3564,3
3565,5
3566,2
3567,3
3568,6
3569,0
3571,5
3572,0
3573,5
3574,5
3576,4
3577,3
3578,5
3580,4
3581,5
3584,5
3586,4
3587,4
3590,2
3591,5
3592,2
3593,4
3594,4
3596,3
3597,6
3598,5
3599,3
3604,0
3606,4
3608,4
3609,5
3614,4
3615,5
3616,4
3617,6
3618,2
3619,0
3622,3
3623,1
3624,5
3625,5
3626,3
3627,0
3628,5
3629,5
3632,5
3633,5
3634,2
3635,2
3637,4
3638,2
3639,2
3640,0
3641,1
3643,5
3646,6
3648,5
3649,5
3652,5
3653,3
3654,5
3655,4
3658,0
3660,3
3661,5
3662,3
3663,5
3664,5
3667,3
3668,1
3669,3
3671,3
3672,5
3673,6
3674,6
3675,4
3676,0
3677,0
3678,5
3679,0
3680,0
3681,6
3682,2
3683,0
3684,5
3685,0
3686,3
3687,2
3688,3
3689,0
3690,3
3691,5
3692,3
3693,3
3694,5
3695,5
3696,0
3697,6
3698,3
3699,5
3700,3
3701,5
3702,5
3703,6
3704,6
3705,3
3706,5
3707,5
3708,0
3709,3
3710,3
3711,6
3712,3
3713,2
3714,5
3715,6
3716,3
3717,3
3719,3
3720,6
3723,0
3724,5
3725,3
3726,3
3727,6
3728,2
3729,5
3730,6
3731,3
3732,5
3733,5
3735,5
3736,0
3737,5
3738,5
3739,5
3740,0
3741,6
3742,4
3743,5
3744,5
3745,5
3746,3
3747,5
3751,5
3752,3
3753,3
3754,0
3755,3
3756,5
3758,3
3760,5
3761,5
3763,4
3764,3
3765,0
3766,4
3767,4
3768,0
3769,5
3770,5
3771,5
3773,3
3774,0
3783,4
3784,5
3785,6
3786,3
3787,3
3788,3
3789,5
3790,5
3791,5
3792,4
3793,5
3794,2
3795,5
3797,5
3798,6
3799,6
3801,2
3802,3
3806,3
3807,5
3808,0
3809,6
3810,0
3811,5
3812,1
3813,4
3814,4
3816,5
3819,4
3821,3
3822,0
3823,5
3824,3
3825,5
3826,5
3827,0
3830,3
3831,5
3832,0
3833,3
3834,2
3835,1
3836,6
3837,0
3838,0
3839,0
3840,0
3841,4
3843,6
3844,6
3845,0
3846,3
3847,5
3849,5
3851,0
3852,4
3855,3
3857,5
3858,4
3859,0
3861,6
3862,6
3863,4
3864,3
3865,0
3868,4
3869,0
3870,5
3871,4
3872,3
3873,0
3877,3
3879,6
3882,5
3884,3
3888,5
3889,3
3893,5
3894,0
3895,5
3896,6
3897,4
3898,5
3899,3
3900,5
3901,3
3906,5
3908,5
3909,1
3910,4
3911,5
3912,5
3914,2
3915,5
3916,5
3917,0
3918,5
3919,0
3920,0
3922,3
3925,2
3926,3
3927,2
3928,5
3929,5
3930,5
3932,5
3933,3
3937,3
3938,5
3939,5
3940,5
3941,5
3942,5
3943,0
3945,5
3946,3
3947,3
3948,3
3949,0
3950,0
3951,5
3952,5
3953,5
3955,3
3957,3
3958,5
3959,6
3962,3
3963,0
3964,5
3965,5
3966,5
3967,4
3968,5
3969,4
3971,3
3972,6
3973,3
3974,3
3977,5
3978,5
3979,3
3980,5
3981,5
3983,3
3984,4
3985,5
3986,5
3987,5
3988,2
3989,0
3990,5
3991,0
3992,5
3993,4
3994,5
3996,3
3997,4
3998,4
3999,3
4000,3
4002,3
4003,2
4005,4
4006,6
4007,4
4008,4
4009,3
4010,0
4011,5
4012,6
4014,4
4015,3
4016,5
4017,0
4018,5
4019,5
4020,0
4021,4
4022,0
4023,5
4024,5
4025,5
4027,0
4029,5
4030,3
4031,3
4032,5
4033,4
4034,0
4035,5
4036,0
4037,5
4039,4
4040,6
4041,5
4042,5
4043,3
4046,5
4047,5
4051,3
4052,5
4053,2
4054,5
4055,6
4056,5
4061,0
4062,5
4063,5
4064,0
4065,0
4066,0
4067,5
4068,4
4069,5
4074,0
4077,6
4078,3
4079,5
4080,5
4081,6
4082,5
4083,5
4084,3
4085,3
4086,6
4089,5
4090,5
4091,4
4092,0
4093,2
4102,5
4103,5
4104,3
4105,3
4109,0
4110,3
4111,5
4113,5
4115,5
4116,2
4117,6
4121,3
4123,5
4124,5
4125,3
4126,5
4127,0
4128,3
4129,5
4130,6
4131,0
4132,5
4133,5
4135,2
4138,5
4139,5
4141,5
4142,5
4143,5
4144,4
4146,4
4147,5
4148,0
4149,4
4152,1
4153,6
4154,5
4155,2
4156,3
4157,5
4158,4
4159,5
4160,5
4161,0
4164,3
4166,0
4167,0
4168,3
4171,5
4174,0
4175,0
4178,0
4180,3
4181,3
4184,5
4187,4
4189,5
4190,0
4191,0
4193,5
4195,3
4197,3
4198,3
4200,5
4202,5
4203,4
4204,5
4205,4
4207,5
4210,5
4211,0
4212,3
4214,5
4215,6
4217,2
4218,5
4219,2
4220,6
4221,3
4223,1
4224,4
4225,4
4226,3
4228,0
4229,3
4231,5
4232,3
4233,4
4234,3
4235,1
4236,0
4237,0
4238,0
4239,5
4240,3
4241,5
4242,5
4243,5
4246,1
4247,4
4248,5
4251,4
4252,4
4254,5
4255,4
4256,5
4259,5
4260,0
4262,4
4263,5
4265,6
4267,5
4268,0
4270,5
4273,0
4275,6
4276,5
4278,5
4280,6
4282,5
4284,2
4285,4
4289,6
4290,5
4291,5
4292,5
4293,6
4294,6
4296,6
4297,4
4298,0
4299,5
4300,0
4304,3
4305,5
4306,0
4307,5
4308,5
4310,1
4312,3
4313,5
4316,5
4317,3
4321,5
4322,4
4323,3
4325,2
4326,6
4327,5
4329,5
4333,5
4334,5
4337,0
4338,2
4339,4
4340,4
4342,5
4343,5
4344,2
4345,5
4347,0
4349,5
4350,0
4351,1
4353,5
4354,2
4355,5
4356,4
4357,0
4359,0
4361,0
4366,5
4367,5
4368,4
4369,6
4370,5
4371,3
4372,3
4373,2
4374,5
4378,3
4380,5
4381,4
4383,6
4384,2
4386,0
4387,5
4388,3
4389,5
4390,4
4392,0
4393,0
4394,3
4395,0
4396,6
4397,3
4399,0
4402,2
4403,0
4404,0
4406,1
4407,5
4408,0
4409,0
4410,5
4412,4
4419,1
4420,4
4422,0
4424,2
4426,4
4427,5
4428,4
4429,4
4432,1
4433,1
4434,5
4436,4
4437,0
4438,5
4439,5
4440,5
4441,0
4442,5
4443,3
4444,5
4445,6
4446,5
4447,5
4448,5
4449,5
4450,4
4451,5
4452,5
4453,5
4454,6
4458,5
4459,3
4462,5
4463,5
4464,5
4465,2
4466,5
4467,3
4470,6
4471,6
4473,3
4474,4
4475,5
4476,5
4477,3
4478,6
4480,5
4482,2
4483,3
4484,4
4487,6
4488,2
4489,3
4490,3
4492,5
4495,5
4496,5
4497,5
4498,2
4499,3
4500,5
4502,5
4504,3
4505,3
4506,4
4508,4
4509,6
4511,3
4516,5
4517,5
4518,5
4519,5
4520,0
4521,5
4522,3
4523,5
4524,5
4526,6
4527,4
4529,0
4531,5
4533,5
4534,5
4535,5
4537,5
4541,5
4544,3
4545,5
4546,3
4552,0
4553,6
4557,6
4558,4
4562,0
4563,4
4564,6
4565,5
4568,3
4571,4
4572,2
4573,5
4574,3
4577,5
4578,5
4580,3
4581,2
4583,5
4584,3
4585,4
4587,4
4589,0
4591,5
4593,4
4594,3
4595,5
4597,3
4599,0
4600,6
4602,3
4603,3
4605,4
4608,4
4610,5
4611,2
4612,0
4613,5
4614,0
4615,0
4616,6
4617,3
4619,3
4621,5
4622,5
4623,2
4624,2
4625,3
4626,0
4628,3
4629,5
4630,3
4632,3
4634,0
4635,5
4636,3
4638,3
4639,5
4640,0
4641,5
4642,5
4643,3
4644,1
4645,0
4646,4
4649,4
4653,0
4654,5
4658,5
4660,3
4661,0
4662,3
4663,5
4666,5
4670,3
4671,0
4672,5
4673,3
4675,5
4676,6
4677,4
4678,0
4679,4
4681,3
4683,3
4686,3
4687,0
4688,0
4689,0
4690,4
4695,4
4697,0
4699,5
4700,5
4701,3
4703,0
4704,5
4705,4
4708,0
4709,3
4710,5
4711,0
4713,5
4714,5
4715,5
4717,5
4718,6
4719,3
4720,5
4721,5
4722,6
4723,5
4725,5
4727,5
4728,3
4732,0
4733,4
4734,3
4735,6
4736,5
4738,5
4740,3
4741,0
4743,3
4744,2
4745,3
4748,6
4749,5
4750,3
4754,0
4756,4
4757,3
4759,5
4765,0
4766,4
4769,5
4770,6
4771,3
4772,4
4773,5
4774,4
4775,3
4776,5
4777,5
4780,5
4782,5
4783,5
4784,0
4785,0
4786,4
4787,5
4788,2
4789,0
4792,3
4794,0
4795,6
4796,5
4798,5
4799,6
4800,0
4801,6
4802,4
4803,2
4804,5
4808,3
4809,0
4810,4
4811,0
4812,4
4813,6
4814,0
4815,3
4816,5
4818,5
4821,3
4822,5
4823,2
4825,0
4826,3
4827,5
4828,0
4830,0
4831,5
4833,4
4835,4
4836,6
4840,0
4844,5
4845,0
4846,3
4847,5
4848,5
4849,5
4850,3
4852,5
4855,3
4857,5
4860,5
4862,3
4863,6
4864,1
4865,1
4866,4
4867,2
4871,5
4873,6
4874,5
4876,2
4877,5
4878,0
4879,5
4880,5
4881,4
4883,0
4885,3
4886,5
4887,3
4888,4
4889,4
4890,0
4893,3
4896,5
4898,5
4899,5
4900,3
4901,1
4902,0
4903,3
4909,0
4911,0
4912,3
4914,5
4915,5
4916,4
4917,6
4919,0
4920,5
4921,5
4925,0
4926,5
4927,5
4928,6
4929,6
4932,0
4936,4
4939,0
4941,5
4942,5
4945,6
4946,6
4947,5
4951,6
4952,3
4953,3
4954,3
4956,5
4957,5
4958,5
4959,0
4961,5
4962,5
4963,5
4964,2
4965,2
4966,3
4967,0
4969,5
4970,5
4971,6
4973,4
4974,6
4975,6
4976,3
4977,0
4978,5
4979,4
4980,4
4981,3
4985,0
4987,0
4988,0
4989,4
4990,2
4991,6
4992,5
4993,3
4994,2
4995,5
4998,5
5004,4
5007,5
5008,1
5009,0
5010,6
5011,6
5012,5
5013,0
5014,0
5015,5
5016,5
5021,6
5023,2
5025,3
5026,5
5027,5
5028,3
5033,5
5034,5
5039,6
5040,5
5041,5
5046,5
5047,4
5048,3
5049,3
5051,5
5053,3
5054,3
5055,3
5059,2
5060,5
5062,5
5063,0
5064,5
5065,6
5066,3
5068,5
5069,5
5071,5
5072,3
5073,6
5074,4
5075,4
5076,3
5077,5
5080,4
5081,3
5083,5
5088,1
5092,0
5093,2
5094,5
5095,5
5096,3
5099,4
5102,5
5103,5
5105,5
5106,5
5107,5
5108,6
5109,5
5110,3
5111,3
5112,5
5113,2
5114,5
5116,5
5120,4
5121,0
5127,5
5128,4
5131,5
5134,5
5135,5
5136,0
5137,4
5139,0
5146,5
5147,3
5151,5
5152,3
5155,5
5156,0
5159,4
5165,0
5168,5
5170,3
5171,5
5177,6
5178,5
5181,1
5187,4
5189,5
5197,5
5198,3
5202,0
5205,0
5209,5
5212,0
5213,5
5214,3
5218,3
5219,6
5220,3
5221,3
5222,5
5224,0
5225,5
5226,0
5231,5
5237,5
5238,0
5239,0
5240,5
5241,2
5244,0
5246,6
5247,6
5248,6
5250,5
5254,6
5255,4
5256,5
5258,5
5264,2
5265,4
5266,5
5267,3
5268,3
5269,0
5272,2
5275,5
5278,5
5279,6
5282,5
5283,4
5284,4
5285,5
5288,3
5291,6
5292,6
5293,3
5294,4
5296,6
5297,5
5298,5
5299,4
5300,2
5303,0
5304,2
5307,5
5308,6
5309,4
5311,5
5312,4
5313,6
5316,3
5319,5
5321,5
5322,5
5323,6
5324,5
5325,2
5328,5
5329,5
5333,0
5334,3
5337,3
5338,5
5339,0
5341,2
5345,5
5346,0
5347,5
5348,6
5349,0
5353,5
5356,3
5357,6
5358,5
5361,3
5363,4
5364,2
5365,5
5372,0
5373,2
5375,5
5377,4
5378,5
5379,5
5380,3
5382,2
5384,5
5385,2
5387,5
5388,5
5389,5
5390,5
5391,6
5397,5
5398,5
5400,4
5401,3
5404,6
5409,5
5410,5
5414,5
5415,5
5416,5
5417,0
5418,5
5419,5
5420,5
5421,1
5422,5
5423,5
5424,5
5425,5
5427,6
5428,0
5433,5
5434,6
5435,5
5437,5
5438,0
5440,5
5442,3
5443,3
5444,5
5445,4
5446,0
5447,5
5448,5
5449,2
5450,0
5451,5
5452,3
5454,0
5455,5
5456,5
5458,5
5459,3
5460,3
5461,5
5462,3
5463,3
5464,3
5465,0
5466,5
5468,5
5470,5
5471,3
5472,6
5475,0
5476,6
5477,0
5478,3
5479,0
5480,0
5481,6
5483,5
5485,2
5486,5
5489,0
5490,3
5493,6
5497,0
5498,5
5499,6
5500,4
5501,5
5502,6
5503,0
5504,5
5505,5
5506,6
5507,5
5508,0
5512,4
5513,2
5515,0
5521,3
5522,3
5523,5
5524,4
5525,5
5527,3
5528,3
5529,0
5530,5
5531,0
5532,5
5537,0
5538,3
5539,3
5540,5
5541,4
5543,5
5544,5
5548,1
5550,0
5553,5
5556,3
5560,6
5562,5
5563,5
5564,3
5568,6
5569,3
5570,6
5572,4
5573,4
5574,5
5575,0
5577,3
5580,5
5581,5
5582,5
5584,5
5585,4
5588,0
5589,6
5590,3
5591,3
5596,3
5597,3
5601,5
5602,5
5603,6
5604,5
5607,0
5608,0
5609,6
5610,6
5611,6
5612,5
5613,4
5614,0
5615,5
5617,0
5618,3
5619,2
5620,5
5621,3
5625,6
5628,0
5629,5
5630,3
5632,5
5633,5
5635,5
5636,3
5637,2
5638,3
5640,0
5643,5
5644,5
5646,5
5649,5
5650,1
5651,5
5657,5
5663,5
5664,3
5665,4
5666,6
5667,5
5668,5
5669,0
5670,4
5672,5
5673,5
5675,5
5678,3
5679,3
5680,6
5682,5
5684,5
5685,5
5688,3
5689,3
5690,0
5693,0
5694,1
5696,3
5699,5
5700,3
5704,5
5706,5
5707,6
5710,4
5712,5
5720,0
5723,2
5733,0
5735,0
5736,3
5741,0
5742,0
5745,2
5746,4
5747,6
5749,0
5752,3
5755,5
5764,4
5767,4
5768,3
5771,5
5772,6
5773,5
5779,3
5780,0
5782,0
5784,5
5785,2
5786,5
5787,5
5788,5
5791,5
5792,6
5796,3
5797,5
5799,5
5801,5
5802,5
5803,2
5804,3
5809,0
5810,5
5812,6
5816,0
5817,5
5818,5
5820,5
5826,5
5828,4
5829,5
5833,5
5836,5
5838,0
5839,4
5840,4
5841,3
5843,3
5847,0
5849,0
5853,3
5856,0
5863,5
5867,5
5872,3
5873,6
5874,3
5875,5
5876,0
5878,4
5879,6
5880,5
5881,5
5882,5
5883,3
5884,2
5888,2
5889,2
5890,5
5891,0
5893,2
5896,5
5899,6
5900,3
5901,3
5902,1
5903,1
5909,0
5912,2
5915,3
5919,4
5922,0
5925,6
5927,3
5929,0
5932,0
5938,5
5941,6
5942,4
5943,5
5944,5
5945,4
5947,5
5949,5
5951,0
5952,0
5953,5
5954,0
5955,5
5956,0
5957,5
5959,3
5961,3
5962,5
5963,5
5965,5
5968,5
5969,4
5970,0
5971,4
5974,0
5975,0
5979,5
5980,5
5984,0
5986,0
5988,0
5989,5
5990,0
5991,4
5992,0
5993,3
5994,5
5995,2
5999,0
6001,5
6002,5
6003,3
6005,5
6006,5
6009,5
6012,5
6013,5
6014,5
6016,5
6020,5
6021,5
6022,4
6023,6
6025,5
6027,0
6030,3
6031,0
6033,5
6035,0
6036,5
6039,3
6040,4
6041,5
6042,5
6044,5
6049,5
6051,5
6055,5
6057,5
6058,5
6059,4
6060,5
6062,0
6063,3
6064,0
6067,5
6070,0
6078,5
6086,0
6090,5
6093,4
6095,5
6100,0
6101,5
6104,0
6107,0
6111,0
6116,6
6119,4
6122,0
6123,0
6124,6
6125,4
6140,5
6141,5
6143,4
6145,2
6148,5
6153,3
6155,5
6156,3
6157,3
6158,5
6159,6
6162,6
6163,5
6166,5
6169,5
6170,2
6178,5
6181,5
6182,0
6183,2
6184,4
6185,0
6186,5
6187,5
6188,3
6192,5
6193,3
6195,5
6196,5
6197,5
6201,5
6202,0
6203,0
6204,3
6210,3
6212,6
6213,5
6214,0
6215,5
6216,3
6217,5
6218,5
6219,0
6220,5
6222,5
6223,5
6225,5
6228,5
6232,5
6234,0
6235,6
6237,0
6238,4
6239,6
6241,0
6242,0
6244,6
6245,5
6246,5
6249,3
6250,5
6251,4
6252,5
6254,6
6263,2
6264,6
6265,3
6266,3
6267,3
6268,3
6269,5
6270,5
6271,0
6273,5
6279,5
6280,5
6281,3
6283,3
6285,5
6286,5
6287,3
6288,0
6289,5
6290,4
6291,4
6294,4
6295,5
6296,5
6297,4
6298,3
6299,5
6300,4
6301,3
6302,3
6303,0
6305,5
6306,5
6308,1
6310,3
6313,6
6314,3
6315,6
6316,3
6319,4
6320,3
6322,5
6323,3
6324,3
6327,0
6329,0
6330,5
6331,5
6332,5
6333,1
6334,6
6335,5
6336,5
6337,4
6338,5
6339,5
6341,5
6342,4
6344,3
6345,3
6347,3
6348,3
6349,3
6350,3
6357,5
6358,5
6365,3
6367,5
6368,0
6370,6
6371,5
6373,5
6374,3
6375,4
6376,6
6377,0
6378,5
6379,3
6380,0
6382,5
6383,2
6385,5
6386,5
6387,5
6390,5
6395,0
6400,5
6402,0
6405,0
6407,5
6408,2
6410,5
6412,6
6415,0
6417,5
6422,5
6424,3
6425,3
6427,3
6428,4
6429,2
6433,6
6434,5
6436,4
6440,4
6442,5
6448,5
6449,0
6452,3
6453,4
6454,5
6460,2
6461,0
6464,4
6465,0
6466,5
6476,3
6477,5
6480,4
6482,3
6483,3
6484,5
6493,5
6502,3
6503,4
6506,3
6509,0
6510,5
6514,3
6515,5
6516,0
6517,3
6523,3
6527,5
6528,0
6530,0
6533,0
6534,0
6535,5
6536,5
6537,3
6538,0
6539,3
6541,5
6542,5
6545,5
6547,5
6548,6
6549,5
6550,3
6551,5
6552,0
6553,0
6554,3
6557,3
6558,3
6559,3
6560,5
6561,0
6563,5
6564,6
6565,4
6566,3
6567,4
6568,2
6571,5
6572,5
6573,0
6574,5
6577,5
6578,0
6579,6
6581,5
6582,3
6583,4
6584,5
6586,2
6587,3
6588,5
6591,3
6592,5
6593,5
6595,5
6596,2
6597,3
6598,5
6603,5
6604,0
6609,5
6611,0
6612,0
6614,4
6615,3
6616,4
6617,5
6618,5
6619,5
6620,5
6624,6
6625,4
6628,5
6629,0
6631,3
6636,2
6638,1
6639,5
6643,0
6644,0
6645,5
6650,5
6654,5
6656,5
6658,6
6659,3
6660,5
6662,0
6663,0
6664,3
6665,5
6666,0
6667,5
6669,1
6670,3
6671,0
6678,0
6679,5
6684,0
6686,5
6687,2
6688,5
6689,5
6691,3
6692,4
6695,5
6696,5
6699,5
6702,3
6705,3
6706,3
6707,3
6708,6
6709,6
6710,4
6711,0
6713,2
6715,5
6718,5
6720,3
6721,0
6722,3
6723,5
6724,0
6731,0
6732,6
6734,4
6744,0
6746,5
6748,0
6750,3
6751,5
6752,5
6753,1
6754,1
6755,3
6760,0
6763,0
6764,3
6765,3
6768,5
6769,5
6770,5
6772,5
6773,6
6774,0
6775,0
6776,0
6777,6
6780,5
6782,0
6783,0
6785,0
6786,5
6787,0
6788,5
6789,0
6790,5
6791,5
6793,3
6794,6
6796,2
6797,5
6798,3
6800,0
6803,0
6804,3
6807,0
6808,4
6809,5
6810,5
6811,4
6812,3
6814,3
6816,5
6817,4
6818,3
6820,0
6821,5
6827,3
6832,0
6835,4
6836,5
6837,5
6850,0
6851,3
6852,5
6853,0
6856,4
6857,0
6858,2
6860,3
6862,3
6863,5
6867,4
6868,0
6869,0
6870,4
6872,4
6873,3
6874,3
6879,2
6880,5
6881,5
6882,3
6883,5
6884,5
6885,3
6886,5
6887,6
6888,0
6889,5
6890,4
6893,3
6898,5
6899,5
6902,5
6909,5
6911,5
6912,5
6918,0
6920,0
6927,2
6932,5
6934,6
6935,0
6936,5
6938,5
6939,5
6942,4
6944,2
6945,0
6946,5
6947,3
6948,5
6949,5
6950,5
6951,4
6952,5
6953,0
6954,1
6957,3
6958,3
6959,3
6961,0
6962,5
6963,5
6965,5
6966,0
6967,5
6969,5
6970,4
6971,5
6973,0
6974,0
6975,5
6978,0
6979,5
6981,0
6982,5
6983,2
6984,5
6985,3
6986,2
6987,3
6989,0
6990,5
6992,3
6993,4
6994,5
6996,2
6997,4
6998,3
6999,0
7000,0
7001,0
7004,5
7005,3
7007,3
7008,0
7009,5
7010,5
7012,5
7013,0
7015,5
7016,3
7017,5
7018,2
7019,5
7022,4
7023,5
7024,0
7025,4
7026,1
7027,5
7028,3
7030,3
7031,5
7032,5
7033,0
7034,6
7036,4
7037,0
7038,5
7040,5
7041,3
7044,4
7045,3
7046,5
7047,3
7048,5
7049,5
7050,6
7051,4
7052,5
7053,5
7054,4
7055,5
7056,2
7057,5
7058,5
7059,5
7060,6
7061,5
7062,5
7063,3
7064,3
7065,2
7067,4
7069,5
7070,5
7071,0
7072,0
7073,5
7074,5
7075,5
7076,5
7078,6
7079,6
7080,3
7082,4
7083,5
7084,5
7085,5
7086,5
7087,2
7088,0
7089,0
7090,0
7091,4
7092,5
7093,4
7096,0
7099,3
7101,5
7102,0
7103,5
7104,4
7107,0
7108,3
7109,0
7114,5
7115,5
7116,0
7117,3
7118,0
7121,5
7122,2
7123,0
7124,0
7125,3
7127,2
7131,0
7132,0
7134,2
7137,0
7139,5
7141,5
7142,5
7143,6
7147,5
7149,5
7150,4
7151,3
7153,3
7154,5
7155,5
7156,5
7158,5
7160,5
7161,5
7162,4
7163,4
7164,2
7165,5
7167,5
7169,5
7171,6
7173,6
7175,5
7176,5
7177,5
7178,0
7179,0
7181,0
7184,5
7190,5
7191,3
7192,3
7193,3
7202,5
7205,0
7206,0
7208,0
7209,0
7211,5
7212,4
7215,3
7216,6
7217,5
7218,3
7219,5
7222,3
7223,5
7225,5
7228,0
7234,3
7235,0
7236,0
7238,0
7243,2
7245,3
7247,3
7248,5
7251,5
7254,5
7255,5
7256,4
7257,3
7258,2
7259,5
7260,5
7261,5
7262,5
7263,3
7264,5
7265,4
7266,2
7282,3
7285,0
7292,0
7293,3
7294,5
7297,0
7299,5
7301,0
7302,2
7303,1
7304,5
7305,5
7306,5
7307,0
7308,0
7310,5
7311,5
7312,2
7315,5
7316,5
7317,0
7318,4
7319,3
7320,5
7321,3
7323,0
7324,4
7325,5
7326,5
7327,0
7328,0
7333,2
7335,6
7336,0
7340,5
7344,0
7345,5
7346,5
7347,5
7348,5
7349,4
7352,4
7354,0
7357,5
7360,5
7361,3
7362,5
7364,5
7366,5
7367,5
7368,5
7369,2
7371,0
7372,3
7373,3
7375,5
7376,5
7377,3
7379,6
7380,5
7381,0
7382,4
7386,5
7387,3
7390,5
7394,0
7395,4
7396,5
7411,2
7414,5
7419,4
7438,4
7439,5
7440,5
7443,3
7444,5
7445,0
7448,3
7449,5
7450,0
7451,5
7454,5
7455,4
7457,2
7458,5
7459,0
7460,4
7477,5
7479,5
7481,4
7482,2
7486,2
7487,0
7492,0
7493,2
7541,5
7560,5
7561,0
7562,5
7564,5
7566,0
7569,2
7570,1
7572,5
7573,4
7579,4
7581,0
7584,5
7587,0
7614,6
7615,5
7616,0
7618,0
7619,5
7620,0
7624,4
7636,3
7646,6
7647,3
7649,4
7650,0
7657,3
7669,5
7698,0
7700,0
7701,6
7702,5
7704,3
7705,5
7706,4
7707,3
7708,3
7713,5
7714,5
7716,5
7720,4
7727,5
7728,3
7730,5
7742,5
7743,4
7745,0
7748,4
7749,0
7753,5
7756,3
7757,0
7762,4
7766,0
7767,0
7772,5
7773,4
7781,3
7782,5
7786,0
7789,5
7802,5
7810,6
7811,2
7812,2
7815,0
7820,0
7822,5
7826,5
7831,5
7832,5
7833,5
7834,3
7835,5
7839,5
7840,5
7841,4
7842,5
7843,2
7844,0
7845,3
7846,5
7879,2
7882,5
7883,5
7884,3
7888,6
7889,2
7891,5
7894,4
7895,0
7896,5
7899,4
7900,5
7916,0
7920,0
7924,0
7925,0
7926,3
7930,3
7932,5
7934,0
7936,0
7937,0
7938,0
7939,0
7940,0
7943,3
7944,5
7951,0
7976,0
7979,0
7980,0
7981,5
7982,0
7983,3
7984,5
7986,3
7987,0
7988,3
7991,5
7993,0
8008,2
8010,4
8011,4
8012,0
8014,1
8015,0
8016,5
8019,5
8024,6
8025,2
8033,5
8035,5
8042,5
8043,3
8044,0
8045,3
8057,5
8092,4
8093,2
8094,5
8117,2
8118,5
8119,0
8121,5
8125,5
8126,6
8128,6
8131,0
8132,5
8136,3
8137,3
8138,0
8142,0
8143,5
8147,0
8153,5
8154,6
8157,0
8158,2
8167,5
8169,0
8183,2
8188,0
8189,3
8190,0
8191,5
8195,0
8196,0
8197,2
8199,3
8207,0
8225,5
8228,3
8232,5
8235,4
8236,4
8238,0
8239,0
8241,5
8253,5
8254,3
8261,3
8264,4
8266,1
8268,5
8270,1
8275,5
8290,0
8293,5
8302,5
8327,2
8331,5
8335,3
8336,5
8337,5
8338,5
8340,5
8341,2
8360,5
8361,5
8362,5
8363,2
8364,4
8366,1
8368,0
8369,4
8370,5
8371,3
8372,0
8373,5
8375,5
8376,4
8378,4
8379,5
8380,3
8382,5
8383,0
8385,5
8387,1
8391,0
8402,3
8405,0
8410,5
8424,5
8425,3
8426,0
8427,4
8446,5
8447,3
8450,5
8451,0
8454,0
8456,0
8458,5
8459,5
8461,5
8462,5
8463,5
8464,5
8465,5
8477,3
8481,5
8482,5
8484,0
8487,1
8491,0
8492,5
8493,0
8494,4
8495,4
8500,3
8501,5
8502,5
8506,3
8507,4
8511,2
8512,0
8518,5
8521,5
8526,0
8528,4
8529,5
8530,5
8531,5
8532,4
8533,4
8534,5
8535,2
8542,4
8571,0
8574,0
8575,5
8577,3
8578,4
8580,2
8581,5
8582,0
8587,5
8588,5
8591,5
8593,5
8596,0
8600,6
8601,0
8604,0
8605,0
8607,5
8609,4
8610,5
8611,5
8614,5
8617,5
8620,5
8622,4
8623,5
8626,0
8632,3
8633,5
8636,2
8638,6
8640,5
8641,2
8643,3
8644,5
8645,4
8650,5
8656,5
8665,6
8666,5
8667,3
8670,0
8677,5
8684,5
8685,0
8690,2
8695,6
8711,5
8712,5
8713,0
8714,5
8718,5
8720,3
8724,0
8727,5
8730,1
8738,2
8743,3
8748,0
8753,5
8754,5
8755,3
8771,5
8772,4
8773,5
8774,5
8778,5
8781,4
8782,5
8783,2
8784,5
8795,2
8796,0
8798,3
8799,3
8800,4
8804,2
8807,3
8808,6
8809,5
8810,5
8813,1
8814,6
8815,5
8827,5
8830,5
8831,5
8832,4
8833,5
8835,3
8836,5
8838,5
8840,5
8844,4
8848,4
8860,6
8861,5
8864,5
8865,4
8866,5
8869,5
8870,5
8873,5
8874,5
8875,5
8879,3
8880,3
8894,5
8905,3
8906,0
8907,2
8908,5
8910,4
8911,5
8912,5
8914,2
8915,5
8916,5
8917,5
8918,5
8919,5
8920,5
8921,5
8928,5
8933,0
8934,3
8937,5
8938,5
8939,3
8943,5
8946,5
8947,5
8948,3
8949,5
8950,5
8951,5
8952,5
8954,5
8955,5
8957,5
8958,4
8959,0
8961,0
8964,0
8965,4
8966,5
8967,2
8968,5
8969,5
8970,4
8972,3
8973,5
8974,0
8977,5
8978,0
8979,5
8981,5
8982,4
8983,5
8984,5
8985,5
8987,5
8989,5
8998,2
9004,3
9005,3
9008,2
9010,0
9018,0
25746,2
25750,3
25752,5
25753,5
25757,5
25769,5
25771,3
25773,2
25782,3
25788,0
25795,5
25797,2
25805,0
25825,0
25826,5
25827,4
25833,0
25834,5
25841,3
25850,0
25856,6
25865,5
25870,5
25886,5
25887,0
25898,0
25905,3
25906,2
25923,3
25927,5
25937,3
25940,5
25946,0
25947,3
25952,5
25959,5
25962,5
25963,0
25996,5
25999,5
26002,0
26003,0
26038,0
26048,0
26052,0
26059,0
26073,0
26078,2
26082,2
26084,0
26095,5
26116,0
26122,0
26124,0
26131,0
26133,0
26142,3
26147,2
26150,2
26151,0
26152,1
26158,0
26159,3
26169,5
26171,0
26172,0
26176,3
26183,0
26184,0
26195,3
26198,5
26225,0
26231,0
26236,2
26237,2
26242,1
26249,2
26258,4
26265,0
26283,3
26285,3
26303,0
26308,4
26313,0
26317,0
26322,5
26326,0
26340,5
26344,3
26347,2
26350,2
26357,2
26359,0
26365,3
26366,2
26375,0
26386,3
26391,5
26394,0
26399,5
26401,5
26409,5
26413,3
26422,5
26429,0
26444,2
26453,3
26464,3
26467,3
26471,4
26472,5
26492,3
26498,5
26504,4
26510,0
26523,5
26524,2
26527,0
26528,5
26539,3
26542,0
26547,0
26554,2
26555,5
26562,3
26564,5
26567,3
26578,2
26585,0
26587,2
26590,3
26593,3
26599,0
26603,5
26606,5
26612,0
26614,4
26622,3
26629,3
26630,3
26631,0
26645,0
26649,4
26662,4
26676,3
26680,0
26681,3
26686,3
26693,3
26694,0
26695,4
26696,3
26700,3
26701,3
26704,5
26712,0
26713,0
26717,3
26726,3
26729,0
26732,5
26736,5
26741,3
26743,3
26745,3
26750,4
26761,4
26764,3
26765,0
26776,0
26777,0
26778,0
26782,3
26791,5
26792,3
26796,0
26797,3
26810,0
26812,4
26819,4
26828,3
26838,0
26840,0
26849,2
26854,3
26861,3
26865,6
26870,3
26871,6
26875,0
26887,3
26900,4
26901,4
26903,5
26913,3
26928,0
26940,3
26947,3
26958,5
26965,4
26974,5
26985,0
26999,5
27002,3
27003,0
27006,3
27008,3
27020,0
27022,1
27032,0
27036,5
27074,3
27075,2
27105,3
27124,3
27134,2
27140,2
27155,3
27156,0
27176,0
27178,0
27186,0
27193,5
27246,5
27251,5
27255,0
27266,1
27306,3
27311,2
27317,0
27320,2
27328,0
27329,2
27368,5
27369,3
27370,3
27373,2
27397,0
27408,4
27416,0
27420,3
27426,5
27434,3
27441,0
27450,4
27473,5
27478,3
27480,5
27482,5
27491,5
27513,5
27523,2
27537,6
27539,5
27549,3
27555,3
27563,4
27584,5
27592,0
27595,3
27604,4
27611,5
27618,2
27619,3
27627,0
27644,0
27660,3
27664,5
27667,2
27674,4
27683,5
27685,0
27689,2
27692,5
27695,3
27704,2
27705,5
27706,4
27708,5
27716,2
27721,3
27722,0
27728,5
27731,2
27741,0
27744,0
27746,5
27751,2
27762,3
27768,6
27769,3
27772,5
27773,3
27776,2
27778,5
27784,3
27788,0
27790,0
27793,5
27801,5
27802,5
27803,4
27808,5
27815,5
27816,5
27820,5
27821,2
27822,4
27826,0
27829,3
27830,0
27831,5
27834,2
27837,5
27838,5
27839,2
27846,3
27850,0
27865,4
27866,2
27869,2
27873,5
27878,4
27879,0
27882,5
27899,2
27904,5
27905,5
27912,5
30707,1
30745,5
30749,5
30793,0
30803,2
30810,4
30812,3
30816,0
30818,2
30820,5
30822,5
30825,5
30846,5
30848,4
30850,0
30883,5
30890,0
30894,5
30898,5
30994,0
31000,3
31030,5
31038,0
31049,5
31083,5
31086,5
31101,4
31114,3
31116,5
31123,4
31150,5
31162,5
31184,6
31193,5
31221,3
31223,5
31225,4
31260,5
31297,2
31309,0
31364,3
31367,3
31410,6
31420,0
31422,3
31424,3
31427,3
31431,5
31433,3
31435,3
31437,6
31445,5
31522,2
31545,0
31553,3
31590,0
31610,2
31617,3
31658,5
31660,3
31664,3
31685,2
31692,2
31694,4
31696,3
31698,5
31700,3
31702,2
31737,0
31804,5
31851,0
31867,5
31878,5
31903,5
31909,5
31921,3
31923,0
31925,0
31952,0
31973,0
32009,4
32011,0
32017,6
32019,3
32022,0
32029,6
32031,3
32058,3
32060,0
32116,5
32139,5
32179,0
32213,2
32234,0
32243,0
32289,6
32291,4
32294,0
32296,5
32298,5
32300,5
32302,3
32314,0
32387,0
32392,0
32440,3
32442,3
32456,5
32460,3
32469,2
32511,0
32515,3
32554,5
32582,0
32584,5
32587,4
32589,5
32596,6
32598,3
32600,0
32620,0
32632,2
32649,0
32657,0
32659,5
32666,5
32728,0
32743,5
32770,1
32799,5
32862,0
32875,5
32892,0
32898,0
32906,0
32914,4
32917,0
33004,5
33085,5
33090,0
33124,2
33126,3
33132,5
33138,0
33145,5
33148,5
33154,3
33158,2
33162,4
33164,3
33166,4
33171,4
33188,0
33201,1
33237,0
33294,3
33310,0
33312,4
33421,0
33435,3
33437,5
33493,4
33495,0
33499,5
33558,4
33564,2
33615,3
33629,3
33639,0
33644,5
33646,3
33649,5
33660,2
33669,3
33672,3
33677,2
33679,5
33681,0
33683,5
33725,3
33779,0
33781,5
33794,1
33801,3
33815,5
33826,5
33830,0
33834,3
33836,6
33838,5
33880,4
33893,5
33896,0
33903,6
33966,3
34018,3
34048,1
34072,4
34129,5
34143,3
34148,4
34150,0
34153,6
34162,3
34164,2
34271,2
34292,3
34312,0
34319,5
34321,6
34323,0
34326,3
34330,0
34332,3
34334,5
34336,5
34338,3
34359,5
34397,2
34405,0
34437,5
34450,5
34520,3
34523,3
34528,0
34530,4
34532,5
34534,5
34536,3
34540,5
34542,5
34800,3
34811,3
35015,5
35347,5
35807,0
35836,0
35957,5
36276,5
36289,5
36363,2
36397,3
36401,0
36477,0
36509,5
36517,0
36519,5
36525,6
36527,4
36529,3
36533,5
36535,4
36537,4
36708,5
36850,0
36931,5
37211,3
37240,3
37380,3
37382,5
37384,3
37386,3
37444,0
37475,5
37477,5
37495,4
37545,0
37720,5
37727,5
37729,0
37731,0
37733,0
37736,0
37739,5
37741,0
37830,6
37844,0
37853,5
37857,4
38038,5
38061,5
38095,0
38159,2
38164,2
38198,0
38294,5
38304,2
38388,6
38583,5
38798,2
38886,3
38992,5
39183,2
39231,4
39234,5
39292,5
39307,5
39381,0
39400,5
39414,3
39427,5
39435,5
39444,0
39446,6
39449,5
39516,2
39715,0
39801,0
39869,0
40148,5
40278,3
40339,3
40412,3
40414,0
40478,5
40491,3
40578,3
40581,3
40583,3
40597,4
40614,5
40617,5
40629,5
40697,2
40723,6
40732,5
40815,5
40819,0
40826,0
40851,5
40870,0
40946,5
40955,6
40959,3
40962,0
40966,0
41014,0
41285,0
41527,5
41566,4
41569,2
41571,4
41573,5
41617,0
41627,3
41712,5
41716,4
41724,5
41769,5
41828,0
41863,1
41997,3
42002,5
42004,4
42007,5
42009,3
42011,4
42013,3
42015,5
42018,3
42176,0
42191,2
42285,5
42418,5
42422,6
42556,5
42559,3
42602,5
42632,5
42638,3
42718,5
42723,6
42725,4
42728,5
42730,5
42732,5
42734,5
42738,5
42740,5
42761,0
42943,3
42946,0
43289,5
43333,5
43376,3
43396,4
43419,3
43460,4
43549,5
43556,5
43558,3
43560,5
43677,3
43679,5
43684,2
43708,4
43744,5
43836,5
43869,0
43871,2
43904,0
43908,3
43912,5
43914,0
43917,5
43919,5
43921,4
43928,5
43930,5
43932,5
43936,4
44004,5
44020,0
44022,3
44189,0
44191,5
44193,5
44195,5
44197,0
44199,6
44204,4
44225,5
44238,3
44241,3
44243,3
44301,0
44397,5
44399,6
44511,5
44555,4
44597,5
44613,3
44633,2
44657,0
44665,4
44694,0
44709,5
44719,5
44731,3
44759,4
44761,0
44773,0
44777,0
44788,5
44828,0
44840,4
44849,3
44851,0
44864,5
44889,2
44929,5
44931,0
44937,2
44943,3
44972,0
44974,5
45028,3
45062,3
45074,3
45081,3
45106,6
45175,5
45183,3
45186,3
45208,3
45210,5
45221,0
45361,3
45382,0
45431,6
45440,0
45442,4
45447,0
45499,5
45501,0
45503,5
45517,5
45635,5
45648,3
45658,4
45662,5
45666,3
45668,6
45672,3
45720,5
45722,0
45726,4
45728,4
45730,1
45732,5
45880,5
45928,5
45950,0
45969,3
46062,3
46105,0
46231,4
46322,5
46335,5
46337,5
46347,5
46367,3
46530,4
46559,5
46572,0
46574,3
46578,5
46664,3
46723,0
46772,0
46850,5
46855,0
46862,5
46865,5
46948,5
46965,2
46967,4
46970,2
46972,0
46974,5
46976,0
47044,2
47099,3
47122,0
47124,5
47200,4
47202,0
47254,5
47261,0
47382,3
47384,5
47404,3
47423,5
47446,0
47465,5
47491,3
47516,5
47518,5
47538,0
47566,5
47610,2
47629,4
47640,0
47644,0
47646,0
47721,3
47725,0
47736,0
47774,0
47793,3
47810,5
47894,4
47937,5
47950,5
47952,5
47970,6
47978,5
47997,5
47999,5
48001,0
48032,0
48043,3
48045,4
48082,4
48142,4
48150,5
48161,5
48214,0
48262,3
48304,3
48319,5
48322,1
48326,4
48342,3
48385,3
48394,4
48412,5
48414,4
48416,3
48516,6
48518,6
48520,4
48560,5
48593,3
48596,5
48598,5
48638,0
48649,0
48678,0
48696,6
48698,6
48738,5
48741,5
48744,0
48774,0
48780,5
48783,4
48872,2
48877,3
48879,5
48883,3
48982,0
48997,4
49013,5
49110,3
49130,5
49132,4
49220,5
49263,0
49265,4
49272,6
49274,5
49276,3
49278,0
49280,4
49284,5
49286,6
49314,3
49347,3
49389,5
49396,3
49524,5
49530,5
49647,5
49649,3
49651,2
49666,5
49688,3
49735,0
49772,2
49793,5
49822,4
49824,4
49910,6
49917,0
49932,5
49957,5
49961,5
50003,3
50005,3
50064,3
50068,3
50147,5
50158,5
50160,4
50189,2
50274,6
50354,0
50356,0
50440,5
50442,2
50445,5
50514,5
50601,6
50610,3
50613,0
50658,0
50685,5
50740,4
50792,3
50794,5
50796,5
50798,5
50800,4
50802,5
50804,5
50806,5
50842,5
50851,2
50872,0
50912,4
50923,5
50942,5
50954,5
50999,0
51024,5
51037,5
51077,5
51080,0
51082,5
51084,5
51086,5
51088,5
51091,3
51167,0
51174,0
51255,5
51314,0
51357,2
51412,5
51471,4
51498,4
51540,0
51545,3
51562,2
51573,3
51575,0
51662,1
51666,5
51694,5
51698,5
51705,6
51709,0
51834,4
51884,4
51903,3
51925,5
51927,5
51931,4
51933,5
51935,4
51937,5
51939,4
52042,4
52241,3
52245,0
52279,5
52281,1
52283,4
52287,3
52299,5
52319,5
52328,0
52375,3
52435,4
52458,5
52462,0
52579,4
52604,4
52644,3
52668,5
52694,6
52712,3
52715,0
52722,3
52724,5
52730,3
52767,0
52784,5
52831,5
52867,3
52885,5
52950,5
52952,3
52967,5
52973,1
52975,5
53000,5
53022,0
53024,0
53121,2
53123,5
53125,0
53127,5
53129,6
53138,5
53140,5
53143,3
53161,4
53280,0
53318,0
53322,0
53326,3
53355,0
53435,0
53447,5
53450,3
53453,3
53460,5
53464,2
53466,5
53468,5
53519,5
53550,4
53574,6
53578,0
53808,3
53883,0
53894,5
53921,5
53953,5
53956,5
53972,5
53974,0
53993,4
53996,1
54001,5
54004,5
54116,0
54121,5
54185,0
54190,5
54256,0
54259,3
54272,3
54274,3
54276,3
54281,0
54286,5
54354,0
54372,5
54503,4
54617,4
54648,5
54686,5
54732,5
54734,5
54736,0
54745,3
54768,5
54771,5
54780,3
54785,4
54787,0
54796,4
54881,5
54908,3
54910,5
54934,3
54962,4
54995,5
54997,6
54999,2
55020,5
55036,3
55052,4
55061,3
55067,5
55069,2
55071,5
55080,3
55094,4
55110,5
55112,5
55116,1
55118,5
55156,0
55167,2
55190,5
55205,3
55207,3
55232,5
55241,0
55245,5
55247,1
55250,2
55253,5
55259,3
55261,3
55267,1
55269,5
55272,3
55274,4
55276,1
55278,5
55280,0
55282,5
55290,0
55292,6
55294,3
55363,5
55391,6
55442,6
55444,5
55451,5
55492,5
55553,4
55555,0
55577,5
55620,2
55687,5
55721,4
55729,3
55765,4
55768,6
55805,0
55814,2
55820,3
55830,6
55844,5
55854,0
55872,5
55908,4
55946,3
55995,0
56003,6
56012,3
56022,3
56060,2
56145,3
56152,3
56156,4
56169,6
56171,2
56174,6
56176,5
56251,5
56274,4
56286,0
56333,0
56336,3
56339,2
56367,5
56379,3
56389,5
56563,4
56587,4
56607,0
56620,5
56715,5
56757,2
56775,1
56782,0
56788,5
56801,5
56805,0
56837,5
56869,2
56908,5
56915,2
56921,0
56941,0
56949,3
57147,2
57183,6
57243,5
57274,3
57326,5
57368,4
57421,5
57499,3
57502,3
57504,3
57522,2
57526,5
57528,2
57532,5
57536,3
57637,5
57640,4
57669,5
57772,4
57843,0
57910,5
57951,5
58025,5
58047,3
58078,5
58103,2
58105,0
58107,3
58154,2
58156,5
58162,3
58191,0
58287,3
58291,0
58293,5
58295,3
58297,5
58299,3
58301,4
58303,6
58306,3
58309,2
58315,4
58332,5
58347,5
58351,3
58376,2
58404,0
58425,0
58492,2
58554,2
58559,5
58627,5
58655,3
58783,0
58803,5
58806,3
58826,5
58839,3
58842,2
58870,0
58876,5
58879,5
58964,5
58972,6
58975,5
58998,4
59014,5
59016,3
59018,4
59022,6
59026,4
59037,5
59103,5
59118,0
59126,6
59129,4
59131,3
59141,6
59143,5
59220,5
59258,0
59295,3
59306,5
59315,1
59333,3
59336,3
59369,5
59387,5
59421,5
59429,5
59440,5
59501,2
59549,5
59604,5
59615,3
59667,5
59725,5
59727,0
59731,5
59738,6
59784,5
59810,2
59814,2
59900,4
59915,5
59947,3
59985,5
59995,3
60030,2
60037,5
60040,4
60046,4
60069,6
60072,2
60074,2
60126,5
60128,3
60141,5
60161,3
60289,0
60291,3
60293,0
60303,5
60333,3
60363,5
60365,3
60389,4
60397,5
60408,5
60471,5
60487,3
60514,5
60516,2
60522,3
60538,5
60647,4
60674,4
60684,6
60735,4
60737,0
60753,4
60756,0
60760,5
60766,0
60803,3
60818,5
60832,6
60857,0
60885,2
60894,0
60904,2
60937,2
60941,3
60943,4
60950,0
60979,5
61011,4
61024,2
61026,5
61071,5
61073,3
61123,3
61132,4
61160,5
61167,4
61210,4
61236,0
61240,0
61246,5
61248,5
61250,5
61255,3
61257,2
61262,5
61289,5
61319,5
61323,0
61348,2
61350,4
61352,1
61394,0
61401,5
61406,2
61465,6
61628,4
61692,5
61697,0
61705,5
61729,0
61818,5
61986,4
62008,0
62081,4
62113,0
62155,5
62208,0
62250,0
62293,5
62299,6
62336,0
62344,5
62374,2
62376,3
62383,5
62394,5
62434,6
62437,2
62439,3
62511,0
62553,2
62586,5
62644,0
62662,3
62718,5
62792,4
62799,4
62834,2
62836,2
62849,5
62956,6
62970,3
62999,3
63033,4
63062,3
63072,5
63082,0
63113,3
63131,2
63179,5
63222,0
63239,5
63276,5
63312,5
63393,3
63433,0
63436,0
63479,3
63515,2
63540,3
63768,5
63808,3
63826,5
63853,4
63859,2
63876,0
63992,5
64010,5
64030,5
64032,0
64034,0
64114,2
64116,0
64167,5
64197,2
64231,3
64249,4
64278,5
64285,0
64497,5
64499,2
64501,2
64575,5
64614,5
64620,2
64622,3
64695,5
64716,5
64839,4
64957,2
64969,3
64983,5
64993,0
64997,4
65037,0
65088,2
65126,5
65130,3
65133,5
65135,3
65188,5
65193,5
65216,0
65225,0
65230,0
65261,0
65350,5
65359,5
65514,5
65577,2
65585,6
65588,0
65596,2
65601,3
65631,0
65642,4
65651,2
65682,6
65685,4
65738,3
65740,3
65802,2
65810,5
65882,3
65982,4
66090,5
66097,5
66171,6
66198,5
66203,3
66240,5
66297,0
66310,5
66320,6
66335,5
66371,5
66427,5
66509,6
66511,4
66544,3
66665,4
66744,5
66783,5
66785,4
66798,5
66915,3
66934,5
66943,5
67087,2
67168,5
67186,5
67193,3
67197,3
67255,5
67267,5
67295,5
67361,3
67408,3
67508,0
67534,1
67618,5
67665,0
67695,0
67734,3
67788,1
67799,3
67888,0
67923,6
67997,5
68073,5
68135,2
68157,3
68159,5
68194,5
68205,1
68237,3
68269,5
68319,5
68347,5
68358,0
68444,0
68480,0
68486,5
68522,3
68536,0
68552,3
68554,0
68597,0
68600,3
68650,3
68659,5
68791,5
68793,4
68835,5
68848,2
68872,0
68886,4
68932,5
68945,6
68952,0
68954,2
68959,6
69069,5
69118,3
69122,3
69131,3
69134,5
69140,2
69211,0
69224,0
69227,3
69251,5
69275,5
69278,5
69304,0
69306,5
69394,5
69406,5
69436,3
69453,3
69469,0
69481,5
69495,5
69516,2
69524,3
69526,2
69529,2
69604,1
69606,3
69640,3
69644,0
69654,2
69685,2
69712,4
69720,0
69746,0
69757,4
69784,3
69805,5
69844,2
69849,0
69860,2
69904,5
69951,5
69953,0
69988,3
70015,3
70159,5
70183,5
70206,5
70208,5
70286,5
70293,6
70301,5
70305,2
70334,5
70336,5
70361,5
70451,2
70492,5
70521,5
70533,6
70545,3
70565,5
70599,4
70637,5
70641,3
70663,3
70687,5
70697,0
70703,3
70708,2
70728,3
70862,3
70932,5
70946,5
70984,6
70990,5
70994,0
71033,4
71057,5
71106,2
71108,2
71129,5
71131,4
71135,5
71147,0
71156,4
71160,5
71205,3
71211,0
71248,3
71252,5
71254,5
71264,3
71268,5
71282,5
71302,5
71304,0
71327,3
71341,5
71379,5
71429,0
71438,3
71453,0
71462,3
71464,3
71466,3
71468,0
71484,3
71494,0
71500,5
71518,0
71520,4
71530,5
71535,2
71550,3
71579,5
71619,6
71640,0
71668,4
71732,0
71745,3
71810,3
71823,2
71838,0
71867,0
71899,3
71902,5
71910,5
71970,2
71999,5
72011,3
72104,2
72129,0
72142,5
72165,5
72167,3
72171,0
72178,0
72224,5
72226,5
72294,4
72308,5
72330,6
72356,5
72378,4
72395,5
72405,3
72407,5
72424,5
72479,3
72489,5
72554,3
72591,5
72601,5
72603,0
72605,2
72624,0
72641,5
72692,0
72694,3
72696,5
72701,0
72714,0
72720,3
72731,4
72733,5
72737,3
72874,4
72919,5
72921,0
72982,5
72998,5
73015,5
73017,4
73023,0
73042,0
73106,2
73160,0
73211,3
73266,0
73268,3
73290,5
73319,5
73321,2
73323,5
73344,0
73386,3
73431,5
73488,1
73499,2
73501,4
73515,5
73569,0
73676,5
73681,4
73741,5
73804,5
73808,3
73822,0
73854,0
73858,5
73876,5
73881,5
73929,5
74075,5
74089,0
74095,3
74154,3
74226,0
74228,3
74275,3
74282,5
74324,2
74342,0
74370,5
74450,5
74452,0
74458,3
74508,3
74510,5
74530,6
74532,3
74545,0
74553,2
74580,6
74624,2
74647,5
74668,6
74677,5
74683,0
74685,3
74688,5
74696,3
74698,0
74727,2
74750,5
74754,5
74789,5
74791,0
74795,5
74851,3
74868,2
74916,3
74946,5
74948,5
75341,2
75389,5
75395,3
75416,3
75446,5
75803,3
75805,6
75813,5
75816,3
75947,3
75985,5
76030,3
76054,0
76060,0
76077,5
76091,5
76093,5
76143,0
76173,5
76175,6
76251,2
76293,2
76301,0
76738,0
76743,5
76751,5
76763,5
77177,2
77191,0
77201,3
77206,2
77233,0
77266,2
77364,4
77414,5
77421,3
77427,2
77455,0
77561,2
77667,5
77688,0
77709,3
77795,2
77798,0
77800,0
77841,6
77846,2
77866,5
77881,4
77893,5
77931,5
78034,3
78039,0
78041,3
78088,5
78103,0
78105,5
78116,3
78142,0
78160,4
78174,3
78209,3
78218,1
78264,5
78266,3
78316,1
78349,2
78467,5
78469,3
78499,3
78544,4
78574,3
78620,0
78626,5
78637,3
78703,5
78746,6
78772,5
78836,5
78893,4
78959,3
79006,3
79008,2
79057,4
79073,0
79091,5
79132,2
79134,5
79139,6
79185,5
79224,5
79242,5
79251,5
79259,3
79274,2
79293,4
79299,4
79333,2
79357,5
79428,5
79501,5
79536,4
79553,5
79572,2
79590,3
79592,5
79677,2
79684,0
79695,4
79702,3
79798,5
79868,5
79879,3
79895,3
79897,0
79946,3
80083,3
80094,5
80124,2
80126,3
80139,5
80162,5
80166,5
80219,4
80241,4
80363,4
80454,4
80463,5
80478,0
80489,3
80549,5
80551,4
80553,0
80572,2
80584,3
80586,5
80590,5
80615,5
80693,3
80727,0
80748,5
80831,2
80834,5
80839,0
80846,4
80858,5
80860,5
80862,3
80864,3
80880,5
80906,1
80917,0
80969,4
81018,0
81087,0
81132,2
81156,0
81158,5
81191,0
81229,3
81257,2
81383,4
81417,4
81456,4
81512,5
81520,5
81535,0
81537,3
81562,2
81564,5
81591,0
81681,3
81782,0
81784,5
81786,2
81788,5
81791,3
81819,2
81831,5
81834,5
81845,2
81847,5
81910,0
81932,5
81949,3
82041,2
82053,5
82088,5
82093,3
82095,3
82152,5
82167,4
82169,4
82202,3
82242,5
82366,5
82378,0
82459,3
82461,3
82499,3
82527,3
82534,3
82641,5
82667,0
82684,3
82744,5
82765,5
82767,4
82848,5
82852,4
82854,5
82857,0
83086,3
83132,3
83134,3
83177,2
83270,4
83349,5
83369,2
83374,3
83480,5
83601,2
83613,5
83796,3
83803,0
83827,0
83910,0
83969,0
83976,0
84152,0
84156,2
84187,6
84189,2
84240,2
84246,0
84273,0
84374,5
84392,6
84414,0
84512,0
84523,3
84553,4
84601,3
84615,3
84637,5
84696,3
84716,0
84772,5
84799,5
84844,2
84847,5
84942,5
84944,3
84950,3
84952,1
84954,0
85020,5
85022,4
85025,3
85056,6
85131,4
85179,5
85213,0
85259,5
85261,5
85295,0
85316,2
85334,5
85342,2
85354,4
85367,6
85394,2
85397,5
85399,3
85401,5
85412,5
85414,4
85438,3
85510,5
85736,2
85774,4
85780,3
85788,3
85796,3
85881,0
85885,4
86000,4
86014,2
86028,3
86059,0
86066,2
86068,5
86142,0
86190,4
86237,0
86279,0
86286,3
86290,5
86293,5
86295,5
86298,6
86320,5
86332,5
86345,4
86347,4
86355,3
86377,4
86487,2
86504,2
86548,3
86593,3
86628,2
86644,3
86668,2
86721,1
86781,4
86815,2
86817,5
86833,5
86835,5
86864,3
86880,4
86882,4
86892,5
86898,0
86911,6
86922,0
86960,5
87028,5
87192,5
87194,4
87197,3
87222,5
87232,2
87234,0
87287,5
87298,3
87304,3
87306,3
87413,5
87430,4
87444,0
87483,4
87485,4
87520,5
87522,4
87529,5
87660,0
87785,5
87834,0
87867,5
87869,4
87876,5
87960,3
88069,0
88094,2
88108,2
88125,0
88129,3
88140,0
88163,5
88179,0
88235,5
88267,4
88272,5
88327,5
88345,2
88356,5
88405,0
88448,3
88515,5
88593,3
88672,5
88697,3
88699,5
88744,5
88746,0
88785,5
88810,5
88812,5
88911,5
88932,0
88954,6
89028,3
89030,4
89039,2
89047,5
89072,5
89085,3
89087,4
89090,0
89118,2
89190,0
89208,5
89281,5
89305,6
89343,3
89386,5
89388,3
89427,3
89470,2
89492,5
89580,2
89582,3
89586,3
89678,5
89745,2
89753,3
89759,0
89761,4
89774,3
89804,4
89837,5
89840,5
89862,3
89864,4
89898,0
89904,5
89939,4
89945,0
90057,6
90243,3
90245,0
90249,4
90343,3
90345,3
90353,0
90357,0
90374,0
90376,4
90384,6
90403,2
90405,5
90428,3
90430,0
90439,0
90469,2
90471,4
90522,3
90524,5
90528,0
90531,4
90576,5
90600,4
90603,5
90630,0
90647,5
90717,0
90719,3
90738,3
90746,0
90769,0
90809,5
90863,3
90866,4
90888,0
90890,5
90943,2
90945,3
91077,0
91079,5
91094,3
91104,5
91126,4
91128,0
91233,5
91261,2
91266,5
91273,3
91323,5
91325,5
91337,5
91353,5
91355,0
91386,0
91414,4
91470,0
91483,5
91485,6
91488,4
91500,5
91529,6
91535,6
91542,2
91571,3
91622,3
91628,3
91630,0
91653,4
91658,5
91660,0
91666,0
91671,2
91688,3
91690,5
91784,0
91842,5
91860,0
91869,4
91873,3
91890,3
91935,3
91947,1
91974,5
91976,0
91978,3
91981,3
92008,3
92046,5
92048,5
92094,2
92192,0
92198,3
92234,3
92243,2
92259,5
92264,3
92309,0
92348,5
92391,3
92420,3
92422,0
92427,5
92439,0
92475,0
92494,0
92507,5
92509,0
92535,1
92637,0
92643,0
92665,3
92674,3
92681,3
92694,0
92730,4
92760,5
92938,3
92954,5
93006,0
93008,2
93022,0
93040,2
93114,5
93134,5
93139,5
93193,5
93208,3
93242,3
93270,1
93272,5
93287,5
93297,2
93320,5
93326,2
93363,6
93443,3
93502,3
93510,6
93512,5
93563,5
93598,5
93610,0
93721,5
93723,5
93740,4
93766,2
93790,2
93805,3
93819,5
93831,5
93838,2
93840,4
93855,1
93980,4
93982,3
93988,5
94011,3
94015,3
94018,5
94070,4
94122,3
94130,4
94150,3
94160,5
94262,5
94266,3
94323,5
94325,5
94405,5
94478,6
94494,3
94503,0
94661,0
94677,3
94735,0
94777,3
94780,2
94799,5
94810,3
94833,6
94864,3
94867,5
94896,0
94919,3
94931,1
94953,0
94959,5
94985,5
95004,5
95067,4
95088,2
95105,6
95135,5
95145,3
95147,0
95149,5
95163,3
95165,3
95167,5
95170,5
95175,2
95182,0
95193,5
95199,5
95201,3
95207,5
95218,5
95307,3
95309,5
95311,2
95313,2
95377,0
95441,5
95449,5
95473,5
95475,0
95497,0
95499,3
95508,3
95510,6
95519,3
95543,0
95558,3
95583,5
95624,5
95633,0
95654,3
95690,1
95717,3
95720,5
95738,5
95744,3
95761,1
95771,3
95780,3
95796,5
95839,3
95843,0
95858,2
95873,0
95875,6
95939,3
95949,5
95965,3
96004,3
96007,5
96020,0
96079,6
96084,0
96110,4
96114,3
96121,0
96150,4
96281,5
96283,3
96373,2
96411,5
96417,5
96430,2
96432,5
96448,6
96471,4
96488,3
96518,4
96520,4
96530,3
96563,2
96567,4
96588,0
96606,3
96608,0
96610,3
96616,3
96655,4
96691,5
96726,3
96728,2
96737,4
96811,5
96815,0
96821,0
96829,3
96832,5
96861,5
96917,2
96935,0
96945,4
96964,5
96975,5
97024,6
97168,3
97172,5
97188,5
97194,4
97225,3
97230,3
97285,5
97304,5
97306,6
97328,3
97470,3
97643,5
97665,3
97701,5
97742,3
97752,2
97757,0
97785,5
97836,0
97858,3
97860,3
97866,0
97870,3
97904,0
97913,5
97921,1
97923,5
97936,3
97938,3
97950,3
97988,5
98061,5
98083,3
98122,4
98124,6
98154,5
98160,3
98175,3
98203,5
98230,3
98239,5
98243,0
98279,0
98296,3
98361,2
98491,5
98499,4
98503,3
98585,5
98604,2
98607,1
98623,4
98633,5
98697,3
98799,3
98809,2
98836,3
98908,3
98961,3
99005,3
99007,5
99030,5
99087,3
99106,5
99112,4
99114,0
99117,5
99122,0
99130,0
99145,3
99149,0
99191,2
99415,3
99437,5
99532,3
99574,3
99636,2
99638,3
99721,5
99728,5
99750,5
99764,3
99813,6
99846,3
99853,0
99910,5
99917,4
99992,3
100044,0
100068,3
100083,5
100106,0
100159,5
100163,5
100194,5
100226,3
100277,0
100302,2
100304,3
100306,2
100326,3
100383,4
100390,6
100397,5
100487,3
100498,4
100507,5
100527,5
100553,2
100556,0
100579,5
100611,2
100714,0
100737,5
100810,5
100843,4
100882,2
100906,5
101025,3
101070,3
101072,5
101074,3
101076,6
101088,5
101112,0
101142,5
101283,0
101360,3
101362,1
101415,6
101423,3
101525,0
101529,3
101531,5
101577,5
101612,5
101739,5
101741,5
101765,6
101864,4
101884,3
101895,3
101962,3
101973,4
102007,2
102025,3
102033,3
102058,5
102066,5
102070,5
102084,5
102088,3
102123,6
102125,0
102165,3
102194,6
102217,0
102278,3
102338,5
102378,0
102407,3
102445,5
102481,5
102590,3
102602,2
102666,2
102684,5
102686,5
102716,3
102720,3
102735,3
102742,0
102747,0
102749,3
102760,5
102800,3
102802,5
102819,3
102823,0
102852,3
102880,3
102903,4
102984,0
102993,0
103027,3
103042,5
103048,3
103075,5
103085,5
103107,0
103137,3
103141,6
103171,5
103210,6
103219,5
103221,3
103228,3
103233,5
103235,3
103245,3
103249,6
103253,2
103335,4
103339,5
103341,3
103366,3
103372,5
103384,0
103449,5
103483,5
103502,3
103539,3
103543,5
103596,0
103602,0
103606,5
103609,3
103624,5
103655,6
103685,5
103688,2
103755,3
103772,0
103801,5
103810,3
103819,3
103865,3
103883,5
103980,0
103984,3
104017,3
104069,0
104074,3
104076,5
104078,3
104129,5
104141,5
104211,5
104218,5
104241,5
104243,5
104245,5
104272,4
104283,0
104303,3
104337,3
104339,0
104374,3
104419,0
104457,0
104644,5
104760,3
104780,2
104837,3
104841,3
104863,5
104875,0
104879,3
104906,6
104908,4
104913,4
104925,4
104944,3
105020,3
105037,4
105121,3
105197,4
105211,3
105213,0
105246,4
105250,0
105254,0
105325,3
105351,5
105355,4
105468,0
105504,4
105540,0
105585,5
105593,5
105653,2
105720,3
105731,3
105746,0
105755,3
105801,5
105835,0
105844,5
105954,0
106002,2
106062,3
106072,6
106100,5
106144,0
106330,5
106438,3
106441,2
106487,2
106489,6
106491,5
106540,5
106542,3
106594,0
106642,0
106648,0
106696,5
106766,3
106782,3
106785,2
106839,4
106873,0
106883,3
106889,4
106916,3
106918,5
106920,5
106927,0
107013,5
107069,3
107141,3
107159,2
107314,0
107338,5
107348,5
107406,3
107408,2
107410,2
107412,2
107436,5
107447,5
107449,5
107462,5
107565,5
107630,1
107702,0
107723,5
107771,5
107780,4
107846,2
107945,3
107951,0
107953,5
107962,3
107997,0
107999,3
108078,0
108090,3
108156,5
108188,3
108190,6
108192,3
108540,2
108601,3
108689,5
108715,3
108727,2
108729,0
108795,5
108928,5
108932,2
108945,3
108949,0
108981,2
109042,5
109161,0
109183,3
109187,0
109191,3
109241,0
109282,5
109295,3
109313,4
109317,3
109372,5
109374,3
109383,0
109416,3
109483,5
109487,3
109569,5
109576,3
109578,5
109596,0
109633,2
109673,5
109687,2
109723,5
109846,5
109848,6
109850,2
109853,5
109864,3
109895,3
109897,3
109941,3
109968,3
109971,3
110102,3
110127,5
110130,0
110281,5
110286,5
110297,5
110330,1
110350,5
110387,0
110501,0
110541,3
110553,5
110586,2
110591,5
110603,3
110611,3
110655,3
110669,3
110718,2
110730,5
110746,5
110771,5
110773,5
110781,5
110826,3
110882,0
111113,5
111146,0
111320,5
111360,3
111362,3
111364,3
111375,5
111384,4
111443,0
111551,5
111617,5
111622,2
111659,5
111663,0
111680,3
111732,5
111743,5
111759,6
111781,5
111785,3
111795,3
111800,5
111817,0
111844,5
111913,5
111921,5
112006,5
112070,5
112138,6
112171,0
112175,5
112183,0
112290,0
112303,3
112316,3
112326,3
112334,2
112370,3
112421,3
112450,5
112454,4
112460,2
112497,3
112512,2
112515,2
112552,3
112556,0
112580,5
112623,3
112727,5
112749,3
112788,5
112804,5
112818,5
112852,2
112868,2
112897,3
112911,3
112940,5
113159,5
113186,3
113207,2
113225,3
113252,0
113275,6
113278,5
113280,5
113313,5
113345,3
113348,5
113350,3
113374,5
113378,4
113394,6
113416,3
113453,5
113532,5
113565,5
113573,5
113604,5
113705,3
113741,2
113780,5
113829,2
113849,3
113862,5
114028,0
114044,5
114060,4
114066,2
114074,4
114126,3
114180,5
114184,2
114246,2
114265,2
114335,5
114396,3
114494,5
114554,3
114601,3
114627,3
114662,5
114670,5
114678,2
114707,5
114713,4
114762,5
114795,5
114818,5
114847,0
114925,3
114935,3
115065,3
115111,0
115122,5
115149,5
115151,3
115170,3
115203,5
115210,5
115216,3
115231,3
115502,5
115569,2
115617,5
115664,5
115667,5
115680,3
115713,5
115727,5
115819,3
115828,5
115877,5
115969,2
116044,3
116138,3
116169,3
116207,3
116411,2
116413,3
116419,3
116505,0
116529,5
116668,5
116718,0
116724,5
116738,0
116797,4
116799,0
116817,0
116823,2
116849,3
116887,2
116897,3
116941,3
116963,3
116977,0
116985,3
117107,3
117109,0
117133,5
117176,4
117192,0
117364,0
117368,5
117444,2
117466,0
117511,3
117529,2
117531,0
117533,3
117545,5
117572,5
117590,5
117630,3
117646,2
117849,0
117851,2
117867,5
117877,3
117881,4
117887,3
117895,6
117922,5
118082,5
118166,2
118198,0
118248,3
118270,0
118290,3
118326,3
118354,3
118512,3
118530,0
118572,0
118696,4
118700,0
118702,0
118706,2
118784,0
118814,3
118834,0
118862,0
118880,5
118888,2
118894,0
118896,2
118900,5
118924,5
118930,5
118985,4
118997,0
119068,3
119141,5
119145,3
119153,5
119155,0
119167,2
119218,3
119655,5
119714,0
119828,3
119964,5
120130,2
120138,2
120466,0
120478,3
120625,2
120635,5
120637,5
120761,0
120783,3
120799,6
120807,4
120813,0
120827,3
120919,5
121007,0
121035,3
121097,0
121099,4
121129,2
121169,0
121171,3
121231,3
121253,0
121338,0
121342,0
121372,5
121374,5
121469,0
121715,5
121781,0
122092,0
122246,3
122260,3
122433,3
122490,3
122627,3
122882,5
122884,3
122886,2
122888,3
122890,5
122892,0
122896,2
122898,4
122900,5
122902,5
122904,3
122906,5
122912,5
122916,5
122918,3
122920,3
122922,4
122924,5
122926,2
122932,3
123200,5
123310,3
123545,2
123553,2
123947,4
124273,0
124404,0
124484,5
124851,2
124853,0
124859,3
125221,3
125914,2
125916,5
125970,0
125974,0
126088,0
126090,2
126142,5
126420,3
126426,2
126430,2
126482,5
126548,5
126577,0
126921,0
127052,2
127096,3
127098,5
127108,0
127114,0
127116,5
127130,5
127132,3
127134,0
127136,0
127146,5
127152,6
127164,4
127172,0
127180,0
127184,2
127194,3
127198,0
127202,6
127204,0
127212,6
127298,0
127319,3
127323,0
127390,5
128087,0
128089,0
128097,5
128099,5
128197,3
128360,3
128366,0
128488,2
128512,5
128520,4
128542,5
128592,3
128594,0
128620,3
128695,5
128736,3
128832,5
128838,5
128842,2
128852,0
128900,0
128902,0
128908,5
128914,5
128944,0
128968,0
128975,5
128991,0
129011,0
129229,5
129250,3
129313,5
129333,3
129354,5
129397,5
129428,5
129514,2
129657,3
129659,3
129737,3
129779,3
129937,3
130050,5
130052,5
130073,5
130083,3
130087,5
130444,2
130450,5
130452,0
130482,0
130490,4
130498,4
130518,0
130520,6
130576,3
130578,2
130634,6
130686,5
130840,5
130842,3
130970,2
130976,2
130978,2
131013,6
131023,2
131098,0
131104,0
131130,0
131237,2
131439,0
131480,3
131578,3
131610,0
131656,4
131714,5
131724,2
131739,0
131749,1
131796,2
131826,0
131920,1
131934,5
132046,6
132084,3
132153,0
132157,5
132333,3
132335,3
132362,3
132422,5
132424,4
132454,5
132462,3
132488,3
132496,0
132584,0
132618,3
132660,0
132796,6
132800,0
132888,5
133115,0
133195,3
133217,1
133281,3
133365,3
133377,3
133419,5
133545,3
133645,5
133712,0
133716,2
133771,0
133780,4
133782,3
133798,3
133802,5
133832,5
133867,0
133879,0
134004,0
134019,0
134021,3
134041,2
134095,2
134109,2
134130,5
134158,3
134170,3
134184,2
134214,0
134246,3
134248,4
134252,2
134326,2
134334,0
134368,2
134393,0
134515,5
134524,5
134528,3
134775,5
134783,3
134796,0
134808,3
134847,0
134849,2
134853,0
134859,3
134861,5
134881,4
135133,2
135137,5
135143,0
135198,2
135216,5
135288,3
135436,5
135456,0
135518,5
135532,5
135534,5
135536,5
135567,0
135569,0
135777,0
135787,3
135803,5
135815,5
135861,5
135885,5
135887,3
135937,0
136012,3
136016,5
136018,5
136020,6
136024,0
136297,3
136305,6
136341,0
136353,0
136355,0
136359,0
136443,5
136445,2
136447,2
136449,3
136469,0
136471,5
136503,0
136511,5
136540,2
136556,2
136562,5
136564,5
136598,5
136602,0
136654,3
136664,3
136666,5
136778,3
136786,3
136800,3
136816,3
136834,0
136838,5
136840,5
136850,0
136859,3
136864,0
136912,0
136958,5
137218,3
137337,0
137345,3
137517,3
137595,6
137857,4
137859,3
137863,5
138036,5
138186,5
138204,5
138208,0
138210,3
138396,4
138546,3
138610,5
138632,5
138702,3
138798,3
138835,2
138966,0
139052,3
139130,3
139157,0
139385,3
139415,3
139511,5
139640,0
139642,5
139644,0
139655,5
139717,3
139747,5
139855,0
139857,3
139859,3
139915,3
139994,0
140016,0
140038,2
140110,5
140133,0
140162,0
140174,0
140237,3
140247,2
140265,2
140267,5
140289,2
140301,5
140359,5
140481,0
140523,6
140525,3
140541,0
140561,0
140627,2
140711,6
140715,5
140725,2
140737,0
140816,0
140850,3
140852,3
140928,3
140956,5
141004,5
141131,5
141400,5
141408,5
141422,3
141513,0
141544,2
141646,0
141668,3
141688,4
141718,0
141749,6
141799,5
141810,2
141816,2
141818,2
141820,2
141830,0
141836,2
141844,2
141846,2
141866,4
141890,4
141928,0
141994,5
142020,2
142056,2
142074,5
142115,2
142196,0
142222,3
142366,5
142372,2
142420,3
142422,5
142424,3
142444,0
142448,0
142456,0
142488,5
142507,3
142509,5
142536,3
142550,0
142558,4
142598,5
142602,5
142831,0
142961,5
142997,5
143001,3
143031,0
143245,3
143255,3
143257,5
143355,0
143365,5
143367,3
143385,0
143410,3
143458,2
143472,3
143511,2
143525,0
143559,0
143859,0
143896,0
143969,4
144210,2
144222,0
144262,3
144352,4
144478,0
144522,3
144606,5
144620,3
144714,3
144716,3
144734,5
144976,2
145080,0
145150,3
145283,2
145418,2
145491,0
145724,3
145745,3
145839,4
145935,5
145951,5
145994,2
146024,3
146028,2
146210,5
146244,0
146309,5
146656,0
146662,2
146682,4
146684,0
146688,3
146730,3
146986,0
147002,0
147142,1
147196,2
147250,2
147282,2
147286,2
147300,2
147326,2
147328,2
147330,2
147372,5
147374,5
147376,2
147378,5
147380,5
147382,5
147384,5
147410,0
147657,5
147662,5
147936,0
148166,5
148172,5
148238,4
148424,5
148482,3
148592,3
148626,0
148632,0
148652,5
148667,4
148671,5
148675,5
148709,3
148775,0
148881,3
148888,5
148956,3
148978,6
148982,0
149011,5
149144,1
149146,1
149330,5
149334,0
149350,0
149352,4
149354,0
149380,5
149406,0
149508,0
149566,0
149590,3
149612,3
149830,1
149902,1
150254,3
150401,4
150548,4
150554,0
150596,5
150604,3
150696,0
150993,5
151311,0
151315,3
151317,3
151455,0
151479,3
151501,3
151557,5
151559,3
151653,3
151687,3
151695,1
151739,4
151745,3
151759,5
151763,5
151769,2
151777,3
151781,3
152037,4
152063,3
152065,0
152071,3
152077,3
152079,3
152081,3
152083,5
152085,3
152091,5
152105,3
152173,5
152270,4
152284,1
152372,5
152591,2
152658,3
152711,0
152970,5
153070,3
153236,3
153386,0
153408,0
154065,3
154358,5
154975,4
155064,3
155168,2
155288,1
155358,3
155509,5
155589,0
155659,3
155743,3
155774,0
155812,3
155820,5
155892,3
156025,0
156371,0
156387,0
156553,3
156605,3
156607,0
156609,5
156675,3
156706,3
156726,0
156781,0
156783,2
157108,2
157110,2
157122,3
157130,3
157172,3
157200,3
157270,3
157296,1
157312,5
157340,3
157369,6
157407,3
157432,3
157699,1
157775,0
157865,3
158022,3
158027,2
158035,6
158238,0
158254,5
158388,3
158398,0
158402,2
158528,0
158721,5
158783,3
158813,5
158830,5
158842,0
158872,5
158874,3
158882,0
158956,0
158966,4
158972,3
159061,3
159069,0
159077,3
159093,5
159161,5
159193,3
159403,3
159415,0
159441,3
159510,5
159690,3
159717,2
159755,5
159779,2
159811,2
159817,5
159849,4
159858,5
159976,0
160080,5
160271,2
160289,5
160341,5
160400,2
160422,4
160438,5
160440,3
160527,5
160563,0
160565,5
160567,4
160569,5
160571,5
160573,3
160644,0
160646,3
160684,0
160718,5
160730,3
160836,5
160848,2
160872,5
160954,3
160978,3
160980,0
161008,3
161024,5
161032,3
161044,3
161127,3
161131,2
161290,3
161354,5
161580,3
161582,0
161594,6
161634,1
161830,3
161918,3
161922,0
161966,1
162082,1
162344,5
162350,5
162414,0
162478,5
162578,4
162590,4
162598,5
162600,2
162602,5
162606,5
162828,3
162968,6
162982,6
163056,5
163072,2
163112,2
163134,6
163386,2
163527,0
163639,5
163645,0
163653,4
163809,3
163925,2
163937,5
163981,5
163985,2
164179,3
164200,0
164226,0
164280,5
164367,5
164375,3
164540,4
164647,3
164655,0
164707,0
164753,3
164881,1
164909,3
164917,0
165075,3
165101,4
165103,5
165139,3
165343,3
165347,3
165483,5
165489,4
165529,3
165549,3
165551,2
165635,6
165639,6
165645,5
165671,5
165843,5
165947,3
165959,2
165969,0
166015,2
166024,5
166183,2
166203,2
166291,5
166461,5
166492,2
166526,3
166528,5
166534,5
166558,5
166568,5
166635,3
166643,0
166705,3
166946,5
167018,3
167036,2
167064,0
167296,2
167370,3
167380,0
167538,5
167570,5
167634,5
167706,3
167732,0
167746,5
167772,0
167790,1
167854,0
168026,5
168090,6
168144,5
168174,5
168218,6
168248,0
168250,0
168252,2
168254,3
168266,0
168326,2
168350,3
168358,5
168366,0
168418,4
168456,3
168492,5
168608,3
168612,2
168632,5
168712,3
168846,5
169034,2
169180,3
169670,3
169904,3
169912,0
169958,3
169982,5
169984,5
169992,5
170289,5
170297,3
170355,4
170357,5
170399,5
170401,5
170411,2
170551,3
170597,2
170697,6
170705,4
170777,2
170813,6
170817,5
170827,2
170837,0
170875,3
170897,5
170907,6
170937,5
170939,0
170945,3
170957,5
170993,0
171011,0
171023,2
171251,5
171495,0
171631,5
171695,3
171701,5
171749,2
171751,0
171759,5
171763,0
171765,2
171811,0
171867,6
171891,5
171917,5
172013,5
172215,3
172229,3
172233,3
172253,3
172321,0
172461,5
172497,5
172547,3
172577,2
172583,2
172585,2
172587,2
172589,2
172591,2
172637,2
172705,6
172793,2
172825,2
172875,5
172881,5
172887,5
172909,2
173145,3
173197,2
173205,5
173209,5
173235,6
173253,0
173255,5
173291,5
173307,5
173317,0
173351,2
173355,2
173535,2
173619,2
173751,3
173873,3
173925,2
173941,5
173963,2
174045,5
174053,3
174055,4
174141,5
174403,5
174479,6
174551,2
174681,0
174727,3
174737,5
174815,5
174909,0
175197,0
175199,0
175293,2
175303,0
175387,2
175397,2
175401,2
175431,2
175435,2
175475,6
175485,3
175569,4
175577,5
175585,6
175661,3
175693,5
175705,5
175707,5
175743,5
175781,5
176051,5
176101,3
176329,5
176371,2
176389,4
176413,2
176415,2
176419,3
176423,5
176579,4
176601,2
176621,0
176751,5
176805,0
176935,5
177185,0
177285,6
177593,3
177615,4
177763,5
177765,5
177939,6
178061,0
178111,6
178129,3
178323,5
178613,2
178615,5
178827,0
179053,3
179073,5
179119,5
179133,2
179135,0
179211,4
179401,6
179427,5
179491,3
179511,2
179709,4
179749,3
179813,0
179815,3
179817,0
179819,5
179953,5
180031,3
180045,5
180095,4
180231,6
180263,5
180265,5
180297,5
180497,5
180777,2
180985,0
180987,6
181065,0
181139,5
181315,3
181413,6
181659,5
181719,5
182293,0
182297,0
182299,0
182639,5
182715,2
182727,5
182731,0
182749,5
182793,5
182823,0
183011,0
183197,5
183199,0
183227,5
183295,0
183301,3
183317,0
183611,2
183635,5
183897,4
183911,6
183959,5
184015,5
184053,2
184245,0
184253,3
184257,5
184349,0
184471,1
184641,6
184721,0
184791,0
184931,5
184987,5
184997,5
185029,4
185031,2
185033,5
185135,2
185435,5
185473,5
185585,3
186587,5
187031,5
187541,5
187593,5
187595,5
187717,0
188189,0
188301,5
188675,0
188751,0
188797,5
188833,0
189043,0
189111,0
189333,5
189381,0
189547,2
189713,0
190183,5
190207,0
190209,0
190213,0
190215,0
190219,0
190221,0
191005,6
193565,6
193567,6
193571,6
193573,6
193579,6
193581,6
193583,6
193585,6
193587,6
193609,4
